player_id,web_name,full_name,price_m,selected_by_percent,status,team_name,position_short,position_name,fixtures,appearances,minutes,points,goals,assists,clean_sheets,bonus,points_per_million
1,Raya,David Raya Martín,6.1,42.1,a,Arsenal,GKP,Goalkeeper,5,5,450,30,0,0,3,3,4.92
2,Arrizabalaga,Kepa Arrizabalaga Revuelta,4.9,0.1,a,Arsenal,GKP,Goalkeeper,5,0,0,0,0,0,0,0,0.0
3,Meslier,Illan Meslier,4.9,0.0,a,Arsenal,GKP,Goalkeeper,5,0,0,0,0,0,0,0,0.0
4,Gabriel,Gabriel dos Santos Magalhães,8.0,22.8,a,Arsenal,DEF,Defender,5,5,450,25,0,0,3,2,3.13
5,J.Timber,Jurriën Timber,6.5,0.4,a,Arsenal,DEF,Defender,5,2,104,1,0,0,0,0,0.15
6,Saliba,William Saliba,5.9,0.2,i,Arsenal,DEF,Defender,5,0,0,0,0,0,0,0,0.0
7,Lewis-Skelly,Myles Lewis-Skelly,5.4,0.6,a,Arsenal,MID,Midfielder,5,4,271,9,0,0,2,0,1.67
8,Calafiori,Riccardo Calafiori,5.8,50.6,a,Arsenal,DEF,Defender,5,5,416,29,0,2,3,2,5.0
9,Hincapie,Piero Hincapié,5.2,0.9,a,Arsenal,DEF,Defender,5,2,32,2,0,0,0,0,0.38
10,White,Benjamin White,5.5,5.2,d,Arsenal,DEF,Defender,5,4,315,21,0,1,2,3,3.82
11,Mosquera,Cristhian Mosquera,5.3,1.7,a,Arsenal,DEF,Defender,5,2,168,12,0,0,2,0,2.26
12,Saka,Bukayo Saka,9.5,13.4,a,Arsenal,MID,Midfielder,5,5,416,32,3,0,3,4,3.37
13,Rice,Declan Rice,7.4,12.1,d,Arsenal,MID,Midfielder,5,5,411,20,0,2,3,0,2.7
14,Eze,Eberechi Eze,6.3,1.0,a,Arsenal,MID,Midfielder,5,4,85,4,0,0,0,0,0.63
15,Ødegaard,Martin Ødegaard,6.8,19.8,a,Arsenal,MID,Midfielder,5,5,377,29,2,0,3,6,4.26
16,Madueke,Noni Madueke,6.2,0.2,a,Arsenal,MID,Midfielder,5,2,23,2,0,0,0,0,0.32
17,Merino,Mikel Merino Zazón,5.8,0.4,a,Arsenal,MID,Midfielder,5,5,81,4,0,0,0,0,0.69
18,Martinelli,Gabriel Martinelli Silva,6.3,0.1,u,Arsenal,MID,Midfielder,5,0,0,0,0,0,0,0,0.0
19,Zubimendi,Martín Zubimendi Ibáñez,5.3,0.6,a,Arsenal,MID,Midfielder,5,5,89,5,0,0,0,0,0.94
20,Dowman,Max Dowman,5.3,0.1,a,Arsenal,MID,Midfielder,5,1,9,1,0,0,0,0,0.19
21,Nørgaard,Christian Nørgaard,4.9,0.0,i,Everton,MID,Midfielder,5,0,0,0,0,0,0,0,0.0
22,Nwaneri,Ethan Nwaneri,5.4,0.0,u,Arsenal,MID,Midfielder,5,0,0,0,0,0,0,0,0.0
23,Fábio Vieira,Fábio Ferreira Vieira,5.5,0.0,u,Arsenal,MID,Midfielder,5,0,0,0,0,0,0,0,0.0
24,Nelson,Reiss Nelson,5.5,0.0,u,Arsenal,MID,Midfielder,5,0,0,0,0,0,0,0,0.0
25,Gyökeres,Viktor Gyökeres,7.1,3.1,a,Arsenal,FWD,Forward,5,2,29,2,0,0,0,0,0.28
26,Havertz,Kai Havertz,7.6,8.5,a,Arsenal,FWD,Forward,5,5,437,19,2,0,3,2,2.5
27,G.Jesus,Gabriel Fernando de Jesus,5.9,0.1,u,Arsenal,FWD,Forward,5,0,0,0,0,0,0,0,0.0
28,Martinez,Emiliano Martínez Romero,5.0,4.8,a,Chelsea,GKP,Goalkeeper,5,4,360,9,0,0,0,0,1.8
29,M.Bizot,Marco Bizot,4.5,0.1,i,Aston Villa,GKP,Goalkeeper,5,1,90,1,0,0,0,0,0.22
30,Digne,Lucas Digne,4.5,0.0,u,Aston Villa,DEF,Defender,5,0,0,0,0,0,0,0,0.0
31,Konsa,Ezri Konsa Ngoyo,4.6,19.4,a,Arsenal,DEF,Defender,5,4,281,12,0,0,1,0,2.61
32,Cash,Matty Cash,4.4,4.9,a,Aston Villa,DEF,Defender,5,4,296,6,0,0,1,0,1.36
33,Mings,Tyrone Mings,4.5,0.4,a,Aston Villa,DEF,Defender,5,4,261,10,0,0,1,0,2.22
34,Pau,Pau Torres,4.5,0.3,i,Aston Villa,DEF,Defender,5,3,187,3,0,0,0,0,0.67
35,Bogarde,Lamare Bogarde,5.0,0.1,a,Aston Villa,MID,Midfielder,5,1,16,1,0,0,0,0,0.2
36,Maatsen,Ian Maatsen,4.5,0.5,i,Aston Villa,DEF,Defender,5,4,335,9,0,0,1,1,2.0
37,Lindelöf,Victor Lindelöf,4.5,0.3,a,Aston Villa,DEF,Defender,5,5,450,8,0,0,1,0,1.78
38,A.García,Andrés García,4.0,1.5,a,Aston Villa,DEF,Defender,5,0,0,0,0,0,0,0,0.0
39,Nedeljkovic,Kosta Nedeljkovic,4.0,0.1,u,Aston Villa,DEF,Defender,5,0,0,0,0,0,0,0,0.0
40,Rogers,Morgan Rogers,7.7,40.3,a,Chelsea,MID,Midfielder,5,5,437,29,3,1,0,2,3.77
41,Buendía,Emiliano Buendía Stati,5.9,0.9,a,Aston Villa,MID,Midfielder,5,5,401,21,1,0,1,3,3.56
42,Guessand,Evann Guessand,5.4,0.0,a,Crystal Palace,MID,Midfielder,5,2,54,2,0,0,0,0,0.37
43,Tielemans,Youri Tielemans,5.8,1.5,a,Manchester United,MID,Midfielder,5,5,402,14,0,0,0,0,2.41
44,Bailey,Leon Bailey,5.4,0.1,u,Aston Villa,MID,Midfielder,5,0,0,0,0,0,0,0,0.0
45,McGinn,John McGinn,5.4,2.2,a,Aston Villa,MID,Midfielder,5,5,434,17,0,2,2,1,3.15
46,Barkley,Ross Barkley,5.0,0.3,a,Aston Villa,MID,Midfielder,5,5,308,10,0,0,1,0,2.0
47,Kamara,Boubacar Kamara,5.0,0.3,a,Aston Villa,MID,Midfielder,5,5,443,15,0,1,2,0,3.0
48,Onana,Amadou Onana,4.9,0.0,i,Aston Villa,MID,Midfielder,5,0,0,0,0,0,0,0,0.0
49,Iling Jr,Samuel Iling-Junior,5.0,0.0,u,Aston Villa,MID,Midfielder,5,0,0,0,0,0,0,0,0.0
50,Burrowes,Bradley Burrowes,4.5,0.6,a,Aston Villa,MID,Midfielder,5,0,0,0,0,0,0,0,0.0
51,George Hemmings,George Hemmings,4.5,1.2,a,Aston Villa,MID,Midfielder,5,5,297,9,0,0,1,0,2.0
52,Alysson,Alysson Edward Franco da Rocha dos Santos,5.0,0.0,d,Aston Villa,MID,Midfielder,5,4,87,8,1,0,0,0,1.6
53,Manzambi,Johan Manzambi,5.9,0.3,a,Aston Villa,MID,Midfielder,5,2,98,14,1,1,1,2,2.37
54,Gomes,Joao Gomes,5.5,0.0,a,Aston Villa,MID,Midfielder,5,2,129,2,0,0,0,0,0.36
55,Watkins,Ollie Watkins,7.8,2.5,u,Aston Villa,FWD,Forward,5,0,0,0,0,0,0,0,0.0
56,Abraham,Tammy Abraham,5.5,0.2,a,Aston Villa,FWD,Forward,5,4,71,4,0,0,0,0,0.73
57,Petrović,Đorđe Petrović,4.5,3.0,a,AFC Bournemouth,GKP,Goalkeeper,5,5,450,9,0,0,0,0,2.0
58,Forster,Fraser Forster,4.0,3.5,a,AFC Bournemouth,GKP,Goalkeeper,5,0,0,0,0,0,0,0,0.0
59,Dennis,Will Dennis,4.0,0.1,u,AFC Bournemouth,GKP,Goalkeeper,5,0,0,0,0,0,0,0,0.0
60,Hill,James Hill,5.5,0.8,a,AFC Bournemouth,DEF,Defender,5,5,450,12,0,0,0,0,2.18
61,Truffert,Adrien Truffert,5.5,3.0,a,AFC Bournemouth,DEF,Defender,5,5,450,10,0,0,0,2,1.82
62,Diakité,Bafodé Diakité,4.9,0.2,a,AFC Bournemouth,DEF,Defender,5,0,0,0,0,0,0,0,0.0
63,Milosavljević,Veljko Milosavljevic,4.9,0.0,i,AFC Bournemouth,DEF,Defender,5,0,0,0,0,0,0,0,0.0
64,Smith,Adam Smith,4.5,0.1,a,AFC Bournemouth,DEF,Defender,5,5,434,4,0,0,0,0,0.89
65,J.Araujo,Julián Araujo Zúñiga,4.4,0.0,i,AFC Bournemouth,DEF,Defender,5,0,0,0,0,0,0,0,0.0
66,Soler,Julio Soler Barreto,4.0,0.3,a,AFC Bournemouth,DEF,Defender,5,0,0,0,0,0,0,0,0.0
67,Rayan,Rayan Vitor Simplício Rocha,6.3,1.6,a,AFC Bournemouth,MID,Midfielder,5,5,434,10,0,0,0,0,1.59
68,Tavernier,Marcus Tavernier,6.1,6.7,a,AFC Bournemouth,MID,Midfielder,5,5,424,31,3,0,0,8,5.08
69,Scott,Alex Scott,6.1,5.7,a,AFC Bournemouth,MID,Midfielder,5,5,446,30,1,2,1,5,4.92
70,Kluivert,Justin Kluivert,6.0,0.9,i,AFC Bournemouth,MID,Midfielder,5,4,294,15,1,0,2,1,2.5
71,Cook,Lewis Cook,5.0,0.2,a,AFC Bournemouth,MID,Midfielder,5,5,180,8,0,0,2,0,1.6
72,Gannon-Doak,Ben Gannon-Doak,4.9,0.1,a,AFC Bournemouth,MID,Midfielder,5,4,12,4,0,0,0,0,0.82
73,Adams,Tyler Adams,5.0,0.3,a,AFC Bournemouth,MID,Midfielder,5,5,279,12,0,0,0,0,2.4
74,Brooks,David Brooks,5.0,0.1,a,AFC Bournemouth,MID,Midfielder,5,4,45,3,0,0,0,0,0.6
75,Christie,Ryan Christie,5.0,0.0,a,AFC Bournemouth,MID,Midfielder,5,4,102,5,0,0,0,0,1.0
76,Tóth.A,Alex Tóth,4.9,0.0,a,AFC Bournemouth,MID,Midfielder,5,2,17,2,0,0,0,0,0.41
77,Adli,Amine Adli,4.9,0.0,i,AFC Bournemouth,MID,Midfielder,5,0,0,0,0,0,0,0,0.0
78,Kroupi.Jr,Junior Kroupi,7.4,0.2,i,AFC Bournemouth,MID,Midfielder,5,0,0,0,0,0,0,0,0.0
79,Evanilson,Francisco Evanilson de Lima Barbosa,6.0,3.2,a,AFC Bournemouth,FWD,Forward,5,5,424,18,0,3,2,0,3.0
80,Enes Ünal,Enes Ünal,5.5,0.0,u,AFC Bournemouth,FWD,Forward,5,0,0,0,0,0,0,0,0.0
81,Rodríguez,Álvaro Rodríguez,6.0,0.1,a,AFC Bournemouth,FWD,Forward,5,2,10,2,0,0,0,0,0.33
82,Kelleher,Caoimhín Kelleher,5.0,6.2,a,Brentford,GKP,Goalkeeper,5,5,450,20,0,0,2,0,4.0
83,Valdimarsson,Hákon Rafn Valdimarsson,4.5,0.1,a,Brentford,GKP,Goalkeeper,5,0,0,0,0,0,0,0,0.0
84,Collins,Nathan Collins,5.4,1.0,i,Brentford,DEF,Defender,5,3,196,10,0,0,1,0,1.85
85,Van den Berg,Sepp van den Berg,4.9,0.1,i,Brentford,DEF,Defender,5,0,0,0,0,0,0,0,0.0
86,Lewis-Potter,Keane Lewis-Potter,5.5,1.7,a,Brentford,MID,Midfielder,5,5,406,22,1,1,2,3,4.0
87,Ajer,Kristoffer Ajer,4.5,3.9,a,Brentford,DEF,Defender,5,5,450,21,0,0,2,1,4.67
88,Kayode,Michael Kayode,4.6,7.7,a,Brentford,DEF,Defender,5,5,294,23,1,0,2,1,5.0
89,Henry,Rico Henry,4.4,0.2,a,Brentford,DEF,Defender,5,1,2,1,0,0,0,0,0.23
90,Hickey,Aaron Hickey,4.5,0.1,a,Brentford,DEF,Defender,5,5,152,5,0,0,0,0,1.11
91,Pinnock,Ethan Pinnock,4.5,0.1,a,Coventry City,DEF,Defender,5,4,282,14,0,0,1,0,3.11
92,Ji-soo,Kim Ji-soo,4.4,0.0,a,Brentford,DEF,Defender,5,0,0,0,0,0,0,0,0.0
93,Schuster,Jannik Schuster,4.5,0.2,a,Brentford,DEF,Defender,5,3,253,21,0,1,1,3,4.67
94,Schade,Kevin Schade,6.1,10.2,a,Brentford,MID,Midfielder,5,5,447,39,3,2,2,6,6.39
95,O.Dango,Dango Ouattara,6.3,0.5,a,Brentford,MID,Midfielder,5,5,179,7,0,0,1,0,1.11
96,Damsgaard,Mikkel Damsgaard,5.4,0.4,a,Brentford,MID,Midfielder,5,5,283,16,0,1,2,3,2.96
97,Jensen,Mathias Jensen,5.4,0.1,i,Brentford,MID,Midfielder,5,1,66,6,0,1,1,0,1.11
98,Janelt,Vitaly Janelt,5.0,2.5,a,Brentford,MID,Midfielder,5,5,450,28,2,0,2,3,5.6
99,Milambo,Antoni Milambo,5.0,0.0,i,Brentford,MID,Midfielder,5,0,0,0,0,0,0,0,0.0
100,Carvalho,Fábio Freitas Gouveia Carvalho,5.0,0.0,a,Brentford,MID,Midfielder,5,1,3,6,1,0,0,0,1.2
101,Henderson,Jordan Henderson,4.9,0.0,a,Chelsea,MID,Midfielder,5,1,90,2,0,0,0,0,0.41
102,Yarmoliuk,Yehor Yarmoliuk,4.8,0.7,a,Brentford,MID,Midfielder,5,5,216,9,0,1,1,0,1.88
103,Dasilva,Josh Dasilva,4.9,0.0,i,Brentford,MID,Midfielder,5,0,0,0,0,0,0,0,0.0
104,Onyeka,Frank Onyeka,4.9,0.1,a,Coventry City,MID,Midfielder,5,4,314,9,0,0,1,0,1.84
105,Anthony,Jaidon Anthony,5.9,0.1,a,Brentford,MID,Midfielder,5,5,267,15,1,0,2,2,2.54
106,Thiago,Igor Thiago Nascimento Rodrigues,7.8,9.0,a,Brentford,FWD,Forward,5,5,442,10,1,0,2,0,1.28
107,Furo,Kaye Furo,4.5,0.9,i,Brentford,FWD,Forward,5,0,0,0,0,0,0,0,0.0
108,Wilson,Callum Wilson,5.4,0.3,a,Brentford,FWD,Forward,5,3,13,3,0,0,0,0,0.56
109,Verbruggen,Bart Verbruggen,4.5,21.7,a,Brighton & Hove Albion,GKP,Goalkeeper,5,5,450,23,0,0,3,0,5.11
110,Rushworth,Carl Rushworth,4.5,0.8,a,Coventry City,GKP,Goalkeeper,5,5,450,16,0,1,1,2,3.56
111,Steele,Jason Steele,4.0,4.2,a,Brighton & Hove Albion,GKP,Goalkeeper,5,0,0,0,0,0,0,0,0.0
112,Van Hecke,Jan Paul van Hecke,4.9,6.6,a,Tottenham Hotspur,DEF,Defender,5,5,450,24,1,0,2,2,4.9
113,F.Kadıoğlu,Ferdi Kadıoğlu,4.4,1.6,a,Brighton & Hove Albion,DEF,Defender,5,4,332,13,0,0,2,0,2.95
114,Boscagli,Olivier Boscagli,4.5,0.3,a,Brighton & Hove Albion,DEF,Defender,5,5,437,19,0,0,3,0,4.22
115,De Cuyper,Maxim De Cuyper,4.9,26.9,a,Brighton & Hove Albion,DEF,Defender,5,5,423,38,1,3,3,5,7.76
116,Dunk,Lewis Dunk,4.5,1.5,a,Brighton & Hove Albion,DEF,Defender,5,4,360,22,1,0,2,1,4.89
117,Coppola,Diego Coppola,4.5,0.0,a,Brighton & Hove Albion,DEF,Defender,5,0,0,0,0,0,0,0,0.0
118,Igor,Igor Julio dos Santos de Paulo,4.5,0.0,u,Brighton & Hove Albion,DEF,Defender,5,0,0,0,0,0,0,0,0.0
119,Costinha,João Pedro Loureiro da Costa,4.5,0.0,a,Brighton & Hove Albion,DEF,Defender,5,5,68,4,0,0,0,0,0.89
120,Svoboda,Michael Svoboda,5.0,0.1,a,Brighton & Hove Albion,DEF,Defender,5,1,4,1,0,0,0,0,0.2
121,Mitoma,Mitoma Kaoru,5.9,0.0,i,Brighton & Hove Albion,MID,Midfielder,5,0,0,0,0,0,0,0,0.0
122,Minteh,Yankuba Minteh,5.8,0.0,i,Brighton & Hove Albion,MID,Midfielder,5,0,0,0,0,0,0,0,0.0
123,Hinshelwood,Jack Hinshelwood,5.9,0.6,i,Brighton & Hove Albion,MID,Midfielder,5,1,63,16,2,0,1,3,2.71
124,Groß,Pascal Groß,5.8,26.9,a,Brighton & Hove Albion,MID,Midfielder,5,5,450,47,3,4,3,9,8.1
125,Georginio,Georginio Rutter,5.3,0.5,a,Brighton & Hove Albion,FWD,Forward,5,2,104,6,0,1,1,0,1.13
126,O'Riley,Matt O'Riley,5.4,0.1,a,Brighton & Hove Albion,MID,Midfielder,5,2,10,2,0,0,0,0,0.37
127,Gomez,Diego Gómez Amarilla,5.0,4.0,a,Brighton & Hove Albion,MID,Midfielder,5,5,433,24,0,3,3,0,4.8
128,Buonanotte,Facundo Buonanotte,5.0,0.0,u,Brighton & Hove Albion,MID,Midfielder,5,0,0,0,0,0,0,0,0.0
129,Ayari,Yasin Ayari,5.4,0.4,a,Brighton & Hove Albion,MID,Midfielder,5,4,333,15,1,0,3,0,2.78
130,Wieffer,Mats Wieffer,4.9,0.2,i,Brighton & Hove Albion,DEF,Defender,5,2,156,7,0,0,1,1,1.43
131,Baleba,Carlos Baleba,4.9,0.1,a,Manchester United,MID,Midfielder,5,0,0,0,0,0,0,0,0.0
132,Howell,Harry Howell,4.5,0.0,u,Brighton & Hove Albion,MID,Midfielder,5,0,0,0,0,0,0,0,0.0
133,Watson,Tom Watson,5.0,0.0,u,Brighton & Hove Albion,MID,Midfielder,5,0,0,0,0,0,0,0,0.0
134,Oriola,Nehemiah Oriola,4.5,0.2,a,Brighton & Hove Albion,MID,Midfielder,5,0,0,0,0,0,0,0,0.0
135,Yohanna,Zadok Yohanna,4.9,0.0,i,Brighton & Hove Albion,MID,Midfielder,5,1,12,1,0,0,0,0,0.2
136,Welbeck,Danny Welbeck,5.9,1.0,a,Chelsea,FWD,Forward,5,3,85,4,0,0,0,0,0.68
137,Tzimas,Stefanos Tzimas,5.4,0.0,i,Brighton & Hove Albion,FWD,Forward,5,0,0,0,0,0,0,0,0.0
138,Kostoulas,Charalampos Kostoulas,5.6,3.2,a,Brighton & Hove Albion,FWD,Forward,5,5,353,28,2,3,2,3,5.0
139,Ferguson,Evan Ferguson,5.0,0.0,i,Brighton & Hove Albion,FWD,Forward,5,0,0,0,0,0,0,0,0.0
140,Sánchez,Robert Lynch Sánchez,4.9,0.7,u,Chelsea,GKP,Goalkeeper,5,1,90,2,0,0,0,0,0.41
141,Jörgensen,Filip Jörgensen,5.0,0.0,u,Chelsea,GKP,Goalkeeper,5,0,0,0,0,0,0,0,0.0
142,James,Reece James,5.4,6.0,d,Chelsea,DEF,Defender,5,4,292,3,0,0,0,0,0.56
143,Chalobah,Trevoh Chalobah,5.5,0.1,u,Chelsea,DEF,Defender,5,0,0,0,0,0,0,0,0.0
144,Gusto,Malo Gusto,5.0,1.0,a,Chelsea,DEF,Defender,5,4,272,4,0,0,0,0,0.8
145,Fofana,Wesley Fofana,5.0,0.2,a,Chelsea,DEF,Defender,5,4,312,8,0,0,0,0,1.6
146,B.Badiashile,Benoît Badiashile Mukinayi,4.5,0.0,u,Chelsea,DEF,Defender,5,0,0,0,0,0,0,0,0.0
147,Tosin,Tosin Adarabioyo,4.4,0.1,a,Tottenham Hotspur,DEF,Defender,5,1,5,1,0,0,0,0,0.23
148,Hato,Jorrel Hato,4.5,0.8,a,Chelsea,DEF,Defender,5,4,258,8,0,2,0,0,1.78
149,Colwill,Levi Samuels Colwill,4.8,0.9,a,Chelsea,DEF,Defender,5,4,341,3,0,0,0,0,0.63
150,M.Sarr,Mamadou Sarr,4.5,0.0,u,Chelsea,DEF,Defender,5,0,0,0,0,0,0,0,0.0
151,Acheampong,Josh Acheampong,4.5,0.3,a,Chelsea,DEF,Defender,5,4,221,5,0,0,0,0,1.11
152,Palestra,Marco Palestra,5.3,0.6,d,Chelsea,DEF,Defender,5,0,0,0,0,0,0,0,0.0
153,Disasi,Axel Disasi,4.5,0.1,s,Crystal Palace,DEF,Defender,5,3,139,1,0,0,0,0,0.22
154,Palmer,Cole Palmer,9.7,26.5,d,Chelsea,MID,Midfielder,5,5,442,28,2,2,0,3,2.89
155,Enzo,Enzo Fernández,6.9,3.6,a,Manchester City,MID,Midfielder,5,4,271,13,1,0,2,0,1.88
156,Neto,Pedro Lomba Neto,6.5,1.4,a,Chelsea,MID,Midfielder,5,5,332,14,1,0,0,0,2.15
157,Estêvão,Estêvão Almeida de Oliveira Gonçalves,6.3,0.7,a,Chelsea,MID,Midfielder,5,4,23,4,0,0,0,0,0.63
158,Gittens,Jamie Bynoe-Gittens,5.8,0.0,a,Chelsea,MID,Midfielder,5,0,0,0,0,0,0,0,0.0
159,Caicedo,Moisés Caicedo Corozo,5.3,1.1,d,Chelsea,MID,Midfielder,5,1,13,1,0,0,0,0,0.19
160,Garnacho,Alejandro Garnacho Ferreyra,5.8,0.3,a,Aston Villa,MID,Midfielder,5,3,31,3,0,0,0,0,0.52
161,Lavia,Roméo Lavia,5.0,0.2,a,Chelsea,MID,Midfielder,5,4,258,11,1,0,0,0,2.2
162,Andrey Santos,Andrey Nascimento dos Santos,4.8,0.6,a,Manchester United,MID,Midfielder,5,3,82,4,0,0,0,0,0.83
163,D.Essugo,Dário Luís Essugo,4.5,0.1,u,Chelsea,MID,Midfielder,5,0,0,0,0,0,0,0,0.0
164,Quenda,Geovany Quenda,5.3,0.0,a,Chelsea,MID,Midfielder,5,2,27,2,0,0,0,0,0.38
165,João Pedro,João Pedro Junqueira de Jesus,7.8,66.3,d,Chelsea,FWD,Forward,5,4,360,33,3,3,0,7,4.23
166,N.Jackson,Nicolas Jackson,6.5,1.4,a,Aston Villa,FWD,Forward,5,4,286,10,1,0,1,1,1.54
167,Delap,Liam Delap,5.6,2.8,a,Nottingham Forest,FWD,Forward,5,4,277,9,1,0,1,0,1.61
168,Marc Guiu,Marc Guiu Paz,5.0,0.2,u,Chelsea,FWD,Forward,5,0,0,0,0,0,0,0,0.0
169,Mheuka,Shumaira Mheuka,4.5,0.5,a,Chelsea,FWD,Forward,5,0,0,0,0,0,0,0,0.0
170,Emegha,Emmanuel Emegha,5.0,0.1,i,Chelsea,FWD,Forward,5,0,0,0,0,0,0,0,0.0
171,Dovin,Oliver Dovin,4.0,1.0,u,Coventry City,GKP,Goalkeeper,5,0,0,0,0,0,0,0,0.0
172,Wilson,Ben Wilson,4.4,0.4,a,Coventry City,GKP,Goalkeeper,5,0,0,0,0,0,0,0,0.0
173,Thomas,Bobby Thomas,4.0,8.6,a,Coventry City,DEF,Defender,5,5,437,24,0,0,2,3,6.0
174,Kitching,Liam Kitching,4.0,0.3,u,Coventry City,DEF,Defender,5,0,0,0,0,0,0,0,0.0
175,van Ewijk,Milan van Ewijk,4.0,9.0,d,Coventry City,DEF,Defender,5,4,360,6,0,0,0,0,1.5
176,Dasilva,Jay Dasilva,4.0,0.7,a,Coventry City,DEF,Defender,5,5,444,20,1,0,1,3,5.0
177,Kesler-Hayden,Kaine Kesler-Hayden,3.9,0.0,i,Coventry City,DEF,Defender,5,0,0,0,0,0,0,0,0.0
178,Bidwell,Jake Bidwell,4.0,0.1,a,Coventry City,DEF,Defender,5,0,0,0,0,0,0,0,0.0
179,Latibeaudiere,Joel Latibeaudiere,4.0,0.0,a,Coventry City,DEF,Defender,5,1,1,1,0,0,0,0,0.25
180,Woolfenden,Luke Woolfenden,4.0,0.1,i,Coventry City,DEF,Defender,5,0,0,0,0,0,0,0,0.0
181,Brau,Miguel Brau,4.0,0.0,u,Coventry City,DEF,Defender,5,0,0,0,0,0,0,0,0.0
182,Amenda,Aurèle Amenda,4.0,0.6,i,Coventry City,DEF,Defender,5,4,360,4,0,0,0,0,1.0
183,Rudoni,Jack Rudoni,4.9,0.1,a,Coventry City,MID,Midfielder,5,5,297,13,0,0,2,0,2.65
184,Grimes,Matt Grimes,4.9,0.1,a,Coventry City,MID,Midfielder,5,5,443,11,0,0,1,0,2.24
185,Sakamoto,Tatsuhiro Sakamoto,4.8,0.1,a,Coventry City,MID,Midfielder,5,1,31,1,0,0,0,0,0.21
186,Mason-Clark,Ephron Mason-Clark,5.4,0.1,a,Coventry City,MID,Midfielder,5,4,231,5,0,0,0,0,0.93
187,Eccles,Josh Eccles,4.8,0.0,i,Coventry City,MID,Midfielder,5,0,0,0,0,0,0,0,0.0
188,Torp,Victor Torp,5.3,0.1,a,Coventry City,MID,Midfielder,5,3,53,3,0,0,0,0,0.57
189,Shepherd,George Shepherd,4.4,0.3,a,Coventry City,MID,Midfielder,5,0,0,0,0,0,0,0,0.0
190,Tchaouna,Loum Tchaouna,5.4,0.1,a,Coventry City,MID,Midfielder,5,4,211,5,0,0,0,0,0.93
191,Borges Rodrigues,Raphael Borges Rodrigues,4.5,0.1,u,Coventry City,MID,Midfielder,5,0,0,0,0,0,0,0,0.0
192,Andrews,Kai Andrews,4.5,0.3,u,Coventry City,MID,Midfielder,5,0,0,0,0,0,0,0,0.0
193,Wright,Haji Wright,5.4,0.1,i,Coventry City,FWD,Forward,5,0,0,0,0,0,0,0,0.0
194,Thomas-Asante,Brandon Thomas-Asante,5.0,0.8,a,Coventry City,FWD,Forward,5,5,227,9,0,0,1,0,1.8
195,Simms,Ellis Simms,5.0,0.6,a,Coventry City,FWD,Forward,5,3,104,4,0,0,0,0,0.8
196,Markelo,Jahnoah Markelo,5.0,0.0,u,Coventry City,FWD,Forward,5,0,0,0,0,0,0,0,0.0
197,Bassette,Norman Bassette,4.5,0.0,u,Coventry City,FWD,Forward,5,0,0,0,0,0,0,0,0.0
198,Henderson,Dean Henderson,5.0,1.3,i,Crystal Palace,GKP,Goalkeeper,5,3,270,5,0,0,0,0,1.0
199,Benitez,Walter Benítez,4.5,0.1,a,Crystal Palace,GKP,Goalkeeper,5,2,180,8,0,0,1,0,1.78
200,Lacroix,Maxence Lacroix,5.9,6.8,a,Chelsea,DEF,Defender,5,5,364,13,0,1,0,0,2.2
201,Muñoz,Daniel Muñoz Mejía,5.4,5.8,a,Nottingham Forest,DEF,Defender,5,4,257,5,0,0,0,0,0.93
202,Richards,Chris Richards,5.0,0.6,a,Crystal Palace,DEF,Defender,5,5,450,14,0,0,1,0,2.8
203,Canvot,Jaydee Canvot,4.8,0.2,a,Crystal Palace,DEF,Defender,5,4,360,10,0,0,1,0,2.08
204,Mitchell,Tyrick Mitchell,4.5,6.0,a,Crystal Palace,DEF,Defender,5,5,419,24,2,0,1,3,5.33
205,Sosa,Borna Sosa,4.5,0.0,u,Crystal Palace,DEF,Defender,5,0,0,0,0,0,0,0,0.0
206,Chadi Riad,Chadi Riad Dnanou,4.3,0.0,i,Crystal Palace,DEF,Defender,5,1,72,1,0,0,0,0,0.23
207,Mingueza,Oscar Mingueza,4.4,0.1,a,Crystal Palace,DEF,Defender,5,2,16,2,0,0,0,0,0.45
208,Sarr,Ismaïla Sarr,6.2,0.6,a,Crystal Palace,MID,Midfielder,5,1,8,1,0,0,0,0,0.16
209,Johnson,Brennan Johnson,5.9,0.1,a,Everton,MID,Midfielder,5,5,238,9,0,0,2,0,1.53
210,Wharton,Adam Wharton,5.5,0.7,a,Crystal Palace,MID,Midfielder,5,5,436,12,0,0,1,0,2.18
211,Yeremy,Yéremy Pino Santos,5.5,0.4,a,Crystal Palace,MID,Midfielder,5,5,307,14,0,2,1,0,2.55
212,Hughes,Will Hughes,4.4,7.5,a,Crystal Palace,MID,Midfielder,5,2,29,2,0,0,0,0,0.45
213,Lerma,Jefferson Lerma Solís,4.9,0.1,a,Crystal Palace,MID,Midfielder,5,2,51,1,0,0,0,0,0.2
214,Kamada,Daichi Kamada,5.0,0.5,a,Crystal Palace,MID,Midfielder,5,5,441,21,0,3,1,0,4.2
215,Devenny,Justin Devenny,5.0,0.0,u,Crystal Palace,MID,Midfielder,5,0,0,0,0,0,0,0,0.0
216,Esse,Romain Esse,5.0,0.0,u,Crystal Palace,MID,Midfielder,5,0,0,0,0,0,0,0,0.0
217,M.França,Matheus França de Oliveira,4.9,0.0,u,Crystal Palace,MID,Midfielder,5,0,0,0,0,0,0,0,0.0
218,Doucouré,Cheick Doucouré,4.9,0.0,a,Crystal Palace,MID,Midfielder,5,0,0,0,0,0,0,0,0.0
219,J.Rak-Sakyi,Jesurun Rak-Sakyi,4.9,0.0,u,Crystal Palace,MID,Midfielder,5,0,0,0,0,0,0,0,0.0
220,Cardines,Rio Cardines,4.5,0.0,u,Crystal Palace,DEF,Defender,5,0,0,0,0,0,0,0,0.0
221,Drakes-Thomas,Joél Drakes-Thomas,4.5,0.1,a,Crystal Palace,MID,Midfielder,5,0,0,0,0,0,0,0,0.0
222,Strand Larsen,Jørgen Strand Larsen,6.0,0.6,a,Crystal Palace,FWD,Forward,5,5,298,14,1,0,1,2,2.33
223,Mateta,Jean-Philippe Mateta,6.3,1.3,i,Crystal Palace,FWD,Forward,5,1,62,2,0,0,0,0,0.32
224,Nketiah,Eddie Nketiah,5.5,0.5,a,Crystal Palace,FWD,Forward,5,4,175,8,0,1,0,0,1.45
225,Uche,Christantus Uche,5.0,0.0,u,Crystal Palace,FWD,Forward,5,0,0,0,0,0,0,0,0.0
226,Pickford,Jordan Pickford,5.5,9.1,a,Everton,GKP,Goalkeeper,5,5,450,25,0,0,3,1,4.55
227,Travers,Mark Travers,5.0,0.0,a,Everton,GKP,Goalkeeper,5,0,0,0,0,0,0,0,0.0
228,King,Tom King,4.5,0.0,a,Everton,GKP,Goalkeeper,5,0,0,0,0,0,0,0,0.0
229,Tarkowski,James Tarkowski,6.1,15.5,a,Everton,DEF,Defender,5,5,450,43,1,1,3,7,7.05
230,Branthwaite,Jarrad Branthwaite,5.5,2.4,a,Everton,DEF,Defender,5,5,450,27,0,0,3,0,4.91
231,Keane,Michael Keane,4.8,0.7,a,Everton,DEF,Defender,5,0,0,0,0,0,0,0,0.0
232,O'Brien,Jake O'Brien,4.8,0.3,a,Everton,DEF,Defender,5,2,16,2,0,0,0,0,0.42
233,Mykolenko,Vitalii Mykolenko,4.6,4.2,a,Everton,DEF,Defender,5,5,450,27,0,0,3,3,5.87
234,Patterson,Nathan Patterson,4.5,0.0,u,Everton,DEF,Defender,5,0,0,0,0,0,0,0,0.0
235,Aznou,Adam Aznou,4.0,0.1,u,Everton,DEF,Defender,5,0,0,0,0,0,0,0,0.0
236,Dewsbury-Hall,Kiernan Dewsbury-Hall,6.6,6.1,a,Everton,MID,Midfielder,5,5,450,20,1,0,3,3,3.03
237,Ndiaye,Iliman Ndiaye,5.8,6.9,a,Manchester City,MID,Midfielder,5,5,385,22,0,2,2,1,3.79
238,Grealish,Jack Grealish,6.5,0.5,a,Everton,MID,Midfielder,5,4,135,6,0,0,1,0,0.92
239,Garner,James Garner,6.0,0.2,a,Everton,MID,Midfielder,5,5,328,11,0,0,2,0,1.83
240,Iroegbunam,Tim Iroegbunam,5.0,0.0,a,Hull City,MID,Midfielder,5,3,70,2,0,0,0,0,0.4
241,McNeil,Dwight McNeil,5.4,0.1,a,Crystal Palace,MID,Midfielder,5,2,84,3,0,0,0,0,0.56
242,George,Tyrique George,5.5,0.9,a,Everton,MID,Midfielder,5,5,309,19,1,0,2,3,3.45
243,Alcaraz,Carlos Alcaraz Durán,4.9,0.1,a,Everton,MID,Midfielder,5,2,5,1,0,0,0,0,0.2
244,Armstrong,Harrison Armstrong,5.0,0.4,a,Everton,MID,Midfielder,5,5,446,16,0,1,3,0,3.2
245,Dibling,Tyler Dibling,5.4,0.0,a,Everton,MID,Midfielder,5,1,24,1,0,0,0,0,0.19
246,Röhl,Merlin Röhl,4.9,0.0,i,Everton,MID,Midfielder,5,3,249,6,0,0,1,0,1.22
247,Hackney,Hayden Hackney,5.4,0.2,a,Everton,MID,Midfielder,5,5,137,10,0,1,1,0,1.85
248,Beto,Norberto Bercique Gomes Betuncal,5.4,0.6,u,Everton,FWD,Forward,5,2,31,2,0,0,0,0,0.37
249,Barry,Thierno Barry,5.6,8.1,a,Everton,FWD,Forward,5,5,417,20,2,0,3,2,3.57
250,Leno,Bernd Leno,4.5,3.3,a,Fulham,GKP,Goalkeeper,5,5,450,18,0,0,1,2,4.0
251,Lecomte,Benjamin Lecomte,4.0,1.1,a,Fulham,GKP,Goalkeeper,5,0,0,0,0,0,0,0,0.0
252,McNally,Alfie McNally,4.0,0.1,u,Fulham,GKP,Goalkeeper,5,0,0,0,0,0,0,0,0.0
253,Andersen,Joachim Andersen,5.0,0.1,a,Fulham,DEF,Defender,5,3,190,3,0,0,0,0,0.6
254,Robinson,Antonee Robinson,4.5,1.4,a,Fulham,DEF,Defender,5,5,429,12,0,0,1,0,2.67
255,J.Cuenca,Jorge Cuenca Barreno,4.5,0.0,a,Fulham,DEF,Defender,5,1,90,3,0,0,0,0,0.67
256,Tete,Kenny Tete,4.4,0.2,a,Fulham,DEF,Defender,5,1,27,0,0,0,0,0,0.0
257,Bassey,Calvin Bassey,4.5,0.7,a,Fulham,DEF,Defender,5,5,450,15,0,1,1,1,3.33
258,Castagne,Timothy Castagne,4.5,0.9,a,Fulham,DEF,Defender,5,5,408,20,0,2,2,0,4.44
259,Diop,Issa Diop,4.0,12.9,a,Ipswich Town,DEF,Defender,5,5,450,12,0,0,0,0,3.0
260,Wilson,Harry Wilson,6.2,1.8,i,Leeds United,MID,Midfielder,5,4,145,5,0,0,1,0,0.81
261,Iwobi,Alex Iwobi,5.4,0.6,a,Fulham,MID,Midfielder,5,5,408,14,0,0,2,2,2.59
262,Smith Rowe,Emile Smith Rowe,5.4,0.2,a,Fulham,MID,Midfielder,5,3,38,3,0,0,0,0,0.56
263,Kevin,Kevin Santos Lopes de Macedo,5.3,0.0,a,Fulham,MID,Midfielder,5,4,61,4,0,0,0,0,0.75
264,Bobb,Oscar Bobb,5.5,0.3,a,Fulham,MID,Midfielder,5,5,343,13,0,0,3,0,2.36
265,Berge,Sander Berge,4.9,0.3,a,Fulham,MID,Midfielder,5,5,349,11,0,0,2,0,2.24
266,Cairney,Tom Cairney,4.9,0.0,i,Fulham,MID,Midfielder,5,0,0,0,0,0,0,0,0.0
267,Lukić,Saša Lukić,4.9,0.1,a,Ipswich Town,MID,Midfielder,5,5,400,11,0,1,0,0,2.24
268,King,Josh King,5.5,2.3,a,Fulham,MID,Midfielder,5,5,425,24,2,0,2,3,4.36
269,Sessegnon,Ryan Sessegnon,4.3,0.3,a,Fulham,DEF,Defender,5,3,50,3,0,0,0,0,0.7
270,Reed,Harrison Reed,4.4,1.1,a,Fulham,MID,Midfielder,5,0,0,0,0,0,0,0,0.0
271,Muniz,Rodrigo Muniz Carvalho,5.4,0.4,a,Fulham,FWD,Forward,5,4,38,3,0,0,0,0,0.56
272,Kusi-Asare,Jonah Kusi-Asare,4.5,5.5,a,Fulham,FWD,Forward,5,0,0,0,0,0,0,0,0.0
273,Phillips,Dillon Phillips,4.0,1.4,a,Hull City,GKP,Goalkeeper,5,0,0,0,0,0,0,0,0.0
274,Butland,Jack Butland,4.5,0.1,i,Hull City,GKP,Goalkeeper,5,0,0,0,0,0,0,0,0.0
275,Cartwright,Harvey Cartwright,4.0,0.0,u,Hull City,GKP,Goalkeeper,5,0,0,0,0,0,0,0,0.0
276,Lo-Tutala,Thimothée Lo-Tutala,4.0,0.0,u,Hull City,GKP,Goalkeeper,5,0,0,0,0,0,0,0,0.0
277,Egan,John Egan,4.1,7.1,a,Hull City,DEF,Defender,5,5,437,26,0,0,3,1,6.34
278,Hughes,Charlie Hughes,3.9,0.2,i,Hull City,DEF,Defender,5,0,0,0,0,0,0,0,0.0
279,Ajayi,Semi Ajayi,4.2,14.1,a,Hull City,DEF,Defender,5,5,423,27,1,0,3,2,6.43
280,Coyle,Lewie Coyle,4.0,0.7,a,Hull City,DEF,Defender,5,5,348,14,0,0,2,0,3.5
281,Drameh,Cody Drameh,4.0,0.0,u,Hull City,DEF,Defender,5,2,65,2,0,0,0,0,0.5
282,Giles,Ryan Giles,4.0,2.9,a,Hull City,DEF,Defender,5,5,444,24,0,1,3,2,6.0
283,Jacob,Matty Jacob,4.0,0.0,u,Hull City,DEF,Defender,5,0,0,0,0,0,0,0,0.0
284,McCarthy,Cathal McCarthy,4.0,0.1,a,Hull City,DEF,Defender,5,0,0,0,0,0,0,0,0.0
285,McNair,Paddy McNair,4.0,0.1,a,Hull City,DEF,Defender,5,1,26,1,0,0,0,0,0.25
286,Belloumi,Mohamed Belloumi,5.1,4.8,a,Hull City,MID,Midfielder,5,5,394,31,2,2,3,2,6.08
287,Millar,Liam Millar,5.0,0.0,u,Hull City,MID,Midfielder,5,2,50,6,1,0,0,0,1.2
288,Dowell,Kieran Dowell,4.5,0.3,a,Hull City,MID,Midfielder,5,0,0,0,0,0,0,0,0.0
289,Crooks,Matt Crooks,4.4,0.5,a,Hull City,MID,Midfielder,5,3,203,3,0,0,1,0,0.68
290,Slater,Regan Slater,4.5,5.3,a,Hull City,MID,Midfielder,5,5,437,15,0,1,3,0,3.33
291,Matazo,Eliot Matazo,4.5,0.0,i,Hull City,MID,Midfielder,5,0,0,0,0,0,0,0,0.0
292,Ömür,Abdülkadir Ömür,4.9,0.0,a,Hull City,MID,Midfielder,5,0,0,0,0,0,0,0,0.0
293,Kamara,Abu Kamara,5.0,0.0,u,Hull City,MID,Midfielder,5,0,0,0,0,0,0,0,0.0
294,Zambrano,Óscar Zambrano,4.5,0.1,a,Hull City,MID,Midfielder,5,0,0,0,0,0,0,0,0.0
295,McBurnie,Oli McBurnie,5.5,1.9,a,Hull City,FWD,Forward,5,5,441,13,0,2,3,0,2.36
296,Akintola,David Akintola,5.0,0.0,u,Hull City,MID,Midfielder,5,0,0,0,0,0,0,0,0.0
297,Gyabi,Darko Gyabi,4.5,0.0,i,Hull City,MID,Midfielder,5,0,0,0,0,0,0,0,0.0
298,Destan,Enis Destan,4.5,0.2,u,Hull City,FWD,Forward,5,0,0,0,0,0,0,0,0.0
299,Burstow,Mason Burstow,4.5,0.0,u,Hull City,FWD,Forward,5,0,0,0,0,0,0,0,0.0
300,Walton,Christian Walton,4.4,0.4,a,Ipswich Town,GKP,Goalkeeper,5,1,90,2,0,0,0,0,0.45
301,Palmer,Alex Palmer,4.0,3.9,a,Ipswich Town,GKP,Goalkeeper,5,0,0,0,0,0,0,0,0.0
302,Button,David Button,4.0,0.6,a,Ipswich Town,GKP,Goalkeeper,5,0,0,0,0,0,0,0,0.0
303,Kipré,Cédric Kipré,3.9,0.9,a,Ipswich Town,DEF,Defender,5,0,0,0,0,0,0,0,0.0
304,O'Shea,Dara O'Shea,4.0,2.7,a,Ipswich Town,DEF,Defender,5,5,450,10,0,0,0,0,2.5
305,Davis,Leif Davis,4.0,6.9,a,Ipswich Town,DEF,Defender,5,5,450,25,2,2,0,1,6.25
306,Greaves,Jacob Greaves,4.0,1.1,a,Ipswich Town,DEF,Defender,5,4,357,3,0,0,0,0,0.75
307,Johnson,Ben Johnson,4.0,0.1,u,Ipswich Town,DEF,Defender,5,0,0,0,0,0,0,0,0.0
308,Furlong,Darnell Furlong,3.9,0.6,a,Ipswich Town,DEF,Defender,5,1,17,1,0,0,0,0,0.26
309,Núñez,Marcelino Núñez,4.9,0.1,a,Ipswich Town,MID,Midfielder,5,2,140,6,0,0,0,0,1.22
310,Matusiwa,Azor Matusiwa,4.9,0.0,a,Ipswich Town,MID,Midfielder,5,0,0,0,0,0,0,0,0.0
311,Burns,Wes Burns,5.0,0.0,u,Ipswich Town,MID,Midfielder,5,0,0,0,0,0,0,0,0.0
312,Taylor,Jack Taylor,4.4,0.0,i,Ipswich Town,MID,Midfielder,5,0,0,0,0,0,0,0,0.0
313,Clarke,Jack Clarke,5.4,0.2,a,Ipswich Town,MID,Midfielder,5,4,170,11,1,0,0,1,2.04
314,Ogbene,Chiedozie Ogbene,4.9,0.0,u,Ipswich Town,MID,Midfielder,5,0,0,0,0,0,0,0,0.0
315,Fatawu,Abdul Fatawu,5.4,0.2,s,Ipswich Town,MID,Midfielder,5,5,352,8,0,1,0,0,1.48
316,Emersonn,Emersonn Correia da Silva,5.5,3.4,a,Ipswich Town,FWD,Forward,5,5,317,26,2,1,0,6,4.73
317,Hirst,George Hirst,5.0,0.1,u,Ipswich Town,FWD,Forward,5,0,0,0,0,0,0,0,0.0
318,Philogene,Jaden Philogene,5.4,0.1,a,Ipswich Town,MID,Midfielder,5,2,52,2,0,0,0,0,0.37
319,Szmodics,Sam Szmodics,5.0,0.0,u,Ipswich Town,MID,Midfielder,5,0,0,0,0,0,0,0,0.0
320,Akpom,Chuba Akpom,5.0,1.2,a,Ipswich Town,FWD,Forward,5,3,78,7,1,0,0,0,1.4
321,Walle Egeli,Sindre Walle Egeli,4.5,3.6,a,Ipswich Town,FWD,Forward,5,1,10,1,0,0,0,0,0.22
322,Al-Hamadi,Ali Al-Hamadi,5.0,0.1,u,Ipswich Town,FWD,Forward,5,0,0,0,0,0,0,0,0.0
323,McAteer,Kasey McAteer,4.5,1.0,a,Ipswich Town,MID,Midfielder,5,3,42,3,0,0,0,0,0.67
324,Mehmeti,Anis Mehmeti,4.8,0.0,a,Ipswich Town,MID,Midfielder,5,0,0,0,0,0,0,0,0.0
325,Darlow,Karl Darlow,4.5,0.0,d,Manchester United,GKP,Goalkeeper,5,0,0,0,0,0,0,0,0.0
326,Perri,Lucas Estella Perri,4.5,0.3,u,Leeds United,GKP,Goalkeeper,5,0,0,0,0,0,0,0,0.0
327,Bijol,Jaka Bijol,5.0,0.7,a,Leeds United,DEF,Defender,5,3,164,12,0,0,1,2,2.4
328,Struijk,Pascal Struijk,4.9,0.2,a,Brighton & Hove Albion,DEF,Defender,5,3,98,7,0,0,1,0,1.43
329,Rodon,Joe Rodon,4.3,0.8,i,Leeds United,DEF,Defender,5,2,123,7,0,0,1,0,1.63
330,Bogle,Jayden Bogle,4.6,6.6,a,Leeds United,DEF,Defender,5,5,365,42,2,0,4,6,9.13
331,Gudmundsson,Gabriel Gudmundsson,4.5,0.1,a,Leeds United,DEF,Defender,5,3,252,14,0,0,2,0,3.11
332,Justin,James Justin,4.5,1.5,a,Leeds United,DEF,Defender,5,5,450,26,0,0,2,4,5.78
333,Bornauw,Sebastiaan Bornauw,4.5,0.0,u,Leeds United,DEF,Defender,5,0,0,0,0,0,0,0,0.0
334,Muharemović,Tarik Muharemović,5.0,4.3,a,Leeds United,DEF,Defender,5,5,450,27,0,1,2,0,5.4
335,Stach,Anton Stach,6.0,2.5,a,Leeds United,MID,Midfielder,5,5,447,27,1,0,3,3,4.5
336,Okafor,Noah Okafor,5.8,0.4,a,Leeds United,MID,Midfielder,5,5,299,18,1,0,3,1,3.1
337,Aaronson,Brenden Aaronson,5.3,0.5,a,Leeds United,MID,Midfielder,5,5,194,7,0,0,1,0,1.32
338,Ampadu,Ethan Ampadu,5.4,0.9,a,Leeds United,MID,Midfielder,5,5,450,21,0,1,2,0,3.89
339,Longstaff,Sean Longstaff,4.9,0.1,a,Leeds United,MID,Midfielder,5,2,10,2,0,0,0,0,0.41
340,Gelhardt,Joe Gelhardt,5.0,0.0,a,Hull City,MID,Midfielder,5,1,7,1,0,0,0,0,0.2
341,Gnonto,Wilfried Gnonto,5.0,0.0,u,Leeds United,MID,Midfielder,5,0,0,0,0,0,0,0,0.0
342,Harrison,Jack Harrison,5.0,0.0,u,Leeds United,MID,Midfielder,5,0,0,0,0,0,0,0,0.0
343,James,Daniel James,4.9,0.1,a,Leeds United,MID,Midfielder,5,3,52,3,0,0,0,0,0.61
344,Gruev,Ilia Gruev,5.0,0.0,a,Leeds United,MID,Midfielder,5,0,0,0,0,0,0,0,0.0
345,Tanaka,Tanaka Ao,4.9,0.3,a,Leeds United,MID,Midfielder,5,4,255,14,0,2,2,0,2.86
346,Calvert-Lewin,Dominic Calvert-Lewin,6.0,25.1,a,Leeds United,FWD,Forward,5,5,419,22,2,1,3,4,3.67
347,Nmecha,Lukas Nmecha,5.4,0.5,a,Leeds United,FWD,Forward,5,4,64,7,0,1,0,0,1.3
348,Piroe,Joël Piroe,5.0,0.1,u,Leeds United,FWD,Forward,5,0,0,0,0,0,0,0,0.0
349,Mateo Joseph,Mateo Joseph Fernández-Regatillo,4.5,0.1,i,Leeds United,FWD,Forward,5,0,0,0,0,0,0,0,0.0
350,A.Becker,Alisson Becker,5.5,3.9,a,Liverpool,GKP,Goalkeeper,5,5,450,27,0,0,3,5,4.91
351,Mamardashvili,Giorgi Mamardashvili,4.9,0.1,a,Liverpool,GKP,Goalkeeper,5,0,0,0,0,0,0,0,0.0
352,Woodman,Freddie Woodman,4.0,1.0,a,Liverpool,GKP,Goalkeeper,5,0,0,0,0,0,0,0,0.0
353,Pecsi,Armin Pecsi,4.0,0.0,u,Liverpool,GKP,Goalkeeper,5,0,0,0,0,0,0,0,0.0
354,Jaros,Vitezslav Jaros,4.0,0.0,i,Liverpool,GKP,Goalkeeper,5,0,0,0,0,0,0,0,0.0
355,Davies,Harvey Davies,4.0,0.2,a,Liverpool,GKP,Goalkeeper,5,0,0,0,0,0,0,0,0.0
356,Virgil,Virgil van Dijk,6.5,16.3,a,Liverpool,DEF,Defender,5,5,450,25,0,0,3,0,3.85
357,Frimpong,Jeremie Frimpong,5.3,1.8,a,Liverpool,DEF,Defender,5,3,178,2,0,0,0,0,0.38
358,Kerkez,Milos Kerkez,5.4,2.3,a,Liverpool,DEF,Defender,5,5,385,13,0,0,2,0,2.41
359,Gomez,Joe Gomez,4.9,0.0,a,Liverpool,DEF,Defender,5,0,0,0,0,0,0,0,0.0
360,Bradley,Conor Bradley,5.0,0.0,i,Liverpool,DEF,Defender,5,0,0,0,0,0,0,0,0.0
361,Lucky,Wellity Lucky,4.0,0.1,a,Liverpool,DEF,Defender,5,0,0,0,0,0,0,0,0.0
362,Jacquet,Jeremy Jacquet,5.0,3.4,a,Liverpool,DEF,Defender,5,5,415,24,0,0,3,3,4.8
363,Leoni,Giovanni Leoni,4.0,0.0,i,Liverpool,DEF,Defender,5,0,0,0,0,0,0,0,0.0
364,Tsimikas,Kostas Tsimikas,4.9,0.1,a,Liverpool,DEF,Defender,5,2,64,2,0,0,0,0,0.41
365,Ramsay,Calvin Ramsay,4.0,0.1,u,Liverpool,DEF,Defender,5,0,0,0,0,0,0,0,0.0
366,Wirtz,Florian Wirtz,7.3,5.8,a,Liverpool,MID,Midfielder,5,5,402,18,0,2,3,0,2.47
367,Gakpo,Cody Gakpo,7.2,12.6,a,Liverpool,MID,Midfielder,5,5,370,32,1,3,2,5,4.44
368,Szoboszlai,Dominik Szoboszlai,7.0,33.4,a,Liverpool,MID,Midfielder,5,5,440,20,1,0,3,1,2.86
369,Ngumoha,Rio Ngumoha,5.7,0.5,a,Liverpool,MID,Midfielder,5,3,99,4,0,0,0,0,0.7
370,Chiesa,Federico Chiesa,5.3,0.0,i,Liverpool,MID,Midfielder,5,0,0,0,0,0,0,0,0.0
371,Gravenberch,Ryan Gravenberch,5.8,1.1,a,Liverpool,MID,Midfielder,5,5,190,9,0,1,0,0,1.55
372,Mac Allister,Alexis Mac Allister,5.4,1.3,a,Liverpool,MID,Midfielder,5,5,306,11,0,0,2,0,2.04
373,C.Jones,Curtis Jones,5.5,0.0,u,Liverpool,MID,Midfielder,5,0,0,0,0,0,0,0,0.0
374,Endo,Endo Wataru,4.9,0.1,a,Liverpool,MID,Midfielder,5,0,0,0,0,0,0,0,0.0
375,Nyoni,Trey Nyoni,4.9,0.0,a,Liverpool,MID,Midfielder,5,3,38,3,0,0,0,0,0.61
376,Bajcetic,Stefan Bajčetić Maquieira,5.0,0.0,u,Liverpool,MID,Midfielder,5,0,0,0,0,0,0,0,0.0
377,Munoz,Victor Munoz,6.5,0.9,a,Liverpool,MID,Midfielder,5,5,257,15,1,1,1,0,2.31
378,McConnell,James McConnell,4.4,0.2,a,Liverpool,MID,Midfielder,5,0,0,0,0,0,0,0,0.0
379,Isak,Alexander Isak,9.1,22.2,a,Liverpool,FWD,Forward,5,5,413,33,4,0,3,8,3.63
380,Ekitiké,Hugo Ekitiké,7.4,0.1,i,Liverpool,FWD,Forward,5,0,0,0,0,0,0,0,0.0
381,Koumas,Lewis Koumas,5.0,0.0,a,Liverpool,MID,Midfielder,5,3,22,3,0,0,0,0,0.6
382,Danns,Jayden Danns,4.5,0.2,a,Liverpool,FWD,Forward,5,0,0,0,0,0,0,0,0.0
383,Elliott,Harvey Elliott,5.4,0.0,u,Liverpool,MID,Midfielder,5,0,0,0,0,0,0,0,0.0
384,Donnarumma,Gianluigi Donnarumma,5.5,7.7,a,Manchester City,GKP,Goalkeeper,5,5,450,19,0,0,2,0,3.45
385,Trafford,James Trafford,5.0,5.5,a,Leeds United,GKP,Goalkeeper,5,5,450,28,0,0,2,5,5.6
386,Bettinelli,Marcus Bettinelli,4.5,0.0,a,Manchester City,GKP,Goalkeeper,5,0,0,0,0,0,0,0,0.0
387,O'Reilly,Nico O'Reilly,6.4,11.1,a,Manchester City,DEF,Defender,5,4,163,6,0,0,0,0,0.94
388,Guéhi,Marc Guéhi,6.0,18.4,a,Manchester City,DEF,Defender,5,5,450,30,1,1,2,4,5.0
389,Matheus N.,Matheus Nunes,5.9,1.0,a,Manchester City,DEF,Defender,5,3,213,11,0,0,1,1,1.86
390,Rúben,Rúben dos Santos Gato Alves Dias,5.5,1.9,a,Manchester City,DEF,Defender,5,5,450,17,0,0,2,0,3.09
391,Gvardiol,Joško Gvardiol,5.7,26.5,a,Manchester City,DEF,Defender,5,5,434,37,1,3,2,6,6.49
392,Aït-Nouri,Rayan Aït-Nouri,5.3,0.4,a,Manchester City,DEF,Defender,5,0,0,0,0,0,0,0,0.0
393,Khusanov,Abdukodir Khusanov,5.4,1.4,a,Manchester City,DEF,Defender,5,3,268,9,0,0,1,0,1.67
394,Alleyne,Max Alleyne,5.0,0.0,u,Manchester City,DEF,Defender,5,0,0,0,0,0,0,0,0.0
395,Lewis,Rico Lewis,4.4,0.2,a,Manchester City,DEF,Defender,5,1,56,1,0,0,0,0,0.23
396,Vitor Reis,Vitor de Oliveira Nunes dos Reis,4.5,0.0,a,Manchester City,DEF,Defender,5,1,1,1,0,0,0,0,0.22
397,Semenyo,Antoine Semenyo,8.4,15.2,a,Manchester City,MID,Midfielder,5,5,450,33,2,3,2,2,3.93
398,Foden,Phil Foden,6.9,1.9,s,Manchester City,MID,Midfielder,5,4,217,9,0,2,0,1,1.3
399,Cherki,Rayan Cherki,7.8,28.1,a,Manchester City,MID,Midfielder,5,5,302,34,3,2,1,5,4.36
400,Doku,Jérémy Doku,7.4,0.7,a,Manchester City,MID,Midfielder,5,1,15,1,0,0,0,0,0.14
401,Marmoush,Omar Marmoush,7.0,2.1,a,Tottenham Hotspur,FWD,Forward,5,4,339,8,0,0,2,0,1.14
402,Rodrigo,Rodrigo 'Rodri' Hernandez Cascante,6.5,0.0,u,Manchester City,MID,Midfielder,5,0,0,0,0,0,0,0,0.0
403,Sávio,Sávio Moreira de Oliveira,6.5,0.7,a,Tottenham Hotspur,MID,Midfielder,5,3,240,8,0,0,2,0,1.23
404,Reijnders,Tijjani Reijnders,6.0,0.0,u,Manchester City,MID,Midfielder,5,0,0,0,0,0,0,0,0.0
405,N.Gonzalez,Nico González Iglesias,5.5,0.2,a,Newcastle United,MID,Midfielder,5,3,164,5,0,0,1,0,0.91
406,Kovačić,Mateo Kovačić,5.4,0.1,a,Manchester City,MID,Midfielder,5,2,42,2,0,0,0,0,0.37
407,Echeverri,Claudio Echeverri,4.9,0.0,u,Manchester City,MID,Midfielder,5,0,0,0,0,0,0,0,0.0
408,Phillips,Kalvin Phillips,5.0,0.0,u,Manchester City,MID,Midfielder,5,0,0,0,0,0,0,0,0.0
409,Mukasa,Divine Mukasa,4.5,0.1,u,Manchester City,MID,Midfielder,5,0,0,0,0,0,0,0,0.0
410,Monga,Jeremy Monga,4.9,0.0,u,Manchester City,MID,Midfielder,5,0,0,0,0,0,0,0,0.0
411,Haaland,Erling Haaland,15.6,73.6,a,Manchester City,FWD,Forward,5,5,450,39,5,0,2,9,2.5
412,Lammens,Senne Lammens,4.9,10.1,a,Manchester United,GKP,Goalkeeper,5,5,450,11,0,0,0,0,2.24
413,Bayindir,Altay Bayındır,4.5,0.0,u,Manchester United,GKP,Goalkeeper,5,0,0,0,0,0,0,0,0.0
414,Heaton,Tom Heaton,4.0,0.1,i,Manchester United,GKP,Goalkeeper,5,0,0,0,0,0,0,0,0.0
415,Dorgu,Patrick Dorgu,5.8,0.5,a,Manchester United,MID,Midfielder,5,5,171,10,0,1,0,0,1.72
416,De Ligt,Matthijs de Ligt,5.0,0.0,i,Manchester United,DEF,Defender,5,0,0,0,0,0,0,0,0.0
417,Dalot,Diogo Dalot Teixeira,4.9,1.6,a,Manchester United,DEF,Defender,5,5,346,8,0,0,0,0,1.63
418,Maguire,Harry Maguire,4.9,8.9,a,Manchester United,DEF,Defender,5,5,450,10,0,1,0,0,2.04
419,Martinez,Lisandro Martínez,5.0,1.3,a,Manchester United,DEF,Defender,5,4,360,6,0,0,0,0,1.2
420,Yoro,Leny Yoro,4.8,0.5,a,Manchester United,DEF,Defender,5,2,22,2,0,0,0,0,0.42
421,Heaven,Ayden Heaven,4.4,0.3,a,Manchester United,DEF,Defender,5,1,90,1,0,0,0,0,0.23
422,Mazraoui,Noussair Mazraoui,4.4,0.5,a,Manchester United,DEF,Defender,5,3,97,3,0,0,0,0,0.68
423,Shaw,Luke Shaw,4.3,7.9,a,Manchester United,DEF,Defender,5,4,335,9,0,1,0,0,2.09
424,Amass,Harry Amass,4.0,0.2,a,Manchester United,DEF,Defender,5,0,0,0,0,0,0,0,0.0
425,Fredricson,Tyler Fredricson,4.0,0.0,u,Manchester United,DEF,Defender,5,0,0,0,0,0,0,0,0.0
426,B.Fernandes,Bruno Borges Fernandes,12.0,38.9,a,Manchester United,MID,Midfielder,5,5,450,31,3,1,0,3,2.58
427,Mbeumo,Bryan Mbeumo,7.9,20.9,a,Manchester United,MID,Midfielder,5,5,450,25,2,1,0,3,3.16
428,Cunha,Matheus Santos Carneiro da Cunha,7.9,5.7,a,Manchester United,MID,Midfielder,5,5,407,26,1,2,1,4,3.29
429,Rashford,Marcus Rashford,7.0,1.5,d,Manchester United,MID,Midfielder,5,5,351,10,0,0,1,0,1.43
430,Mount,Mason Mount,5.4,0.0,a,Manchester United,MID,Midfielder,5,1,10,1,0,0,0,0,0.19
431,Amad,Amad Diallo,5.7,0.3,i,Manchester United,MID,Midfielder,5,0,0,0,0,0,0,0,0.0
432,Mainoo,Kobbie Mainoo,5.5,1.6,d,Manchester United,MID,Midfielder,5,5,354,22,0,1,0,2,4.0
433,Ugarte,Manuel Ugarte Ribeiro,5.0,0.0,i,Manchester United,MID,Midfielder,5,0,0,0,0,0,0,0,0.0
434,J.Fletcher,Jack Fletcher,4.9,0.0,a,Manchester United,MID,Midfielder,5,0,0,0,0,0,0,0,0.0
435,Lacey,Shea Lacey,4.9,0.1,a,Manchester United,MID,Midfielder,5,1,10,1,0,0,0,0,0.2
436,Collyer,Toby Collyer,5.0,0.0,u,Manchester United,MID,Midfielder,5,0,0,0,0,0,0,0,0.0
437,Bendito Mantato,Bendito Mantato,4.5,0.2,a,Manchester United,MID,Midfielder,5,0,0,0,0,0,0,0,0.0
438,Fletcher,Tyler Fletcher,4.4,0.3,a,Manchester United,MID,Midfielder,5,0,0,0,0,0,0,0,0.0
439,Šeško,Benjamin Sesko,7.0,1.7,d,Manchester United,FWD,Forward,5,4,76,8,1,0,0,0,1.14
440,Zirkzee,Joshua Zirkzee,5.3,0.4,a,Manchester United,FWD,Forward,5,2,20,2,0,0,0,0,0.38
441,Obi,Chido Obi,4.5,1.0,u,Manchester United,FWD,Forward,5,0,0,0,0,0,0,0,0.0
442,Pope,Nick Pope,4.9,1.0,a,Newcastle United,GKP,Goalkeeper,5,0,0,0,0,0,0,0,0.0
443,Gillespie,Mark Gillespie,4.5,0.0,a,Newcastle United,GKP,Goalkeeper,5,0,0,0,0,0,0,0,0.0
444,Jaouen,Ewen Jaouen,4.4,0.0,d,Newcastle United,GKP,Goalkeeper,5,0,0,0,0,0,0,0,0.0
445,Thiaw,Malick Thiaw,5.0,2.2,a,Newcastle United,DEF,Defender,5,5,450,14,0,0,1,0,2.8
446,Schär,Fabian Schär,4.9,0.2,a,Newcastle United,DEF,Defender,5,2,25,2,0,0,0,0,0.41
447,Botman,Sven Botman,5.0,0.7,a,Newcastle United,DEF,Defender,5,5,450,15,0,0,1,0,3.0
448,Burn,Dan Burn,4.8,0.7,i,Newcastle United,DEF,Defender,5,0,0,0,0,0,0,0,0.0
449,Hall,Lewis Hall,5.2,16.4,a,Newcastle United,DEF,Defender,5,5,449,31,1,1,1,6,5.96
450,Livramento,Tino Livramento,4.9,0.1,d,Newcastle United,DEF,Defender,5,2,33,4,0,1,0,0,0.82
451,A.Murphy,Alex Murphy,4.0,0.1,u,Newcastle United,DEF,Defender,5,0,0,0,0,0,0,0,0.0
452,Bruno G.,Bruno Guimarães Rodriguez Moura,6.7,1.8,a,Arsenal,MID,Midfielder,5,3,123,9,1,0,0,1,1.34
453,Barnes,Harvey Barnes,6.1,5.3,a,Newcastle United,MID,Midfielder,5,5,450,28,1,3,1,3,4.59
454,Elanga,Anthony Elanga,6.1,4.9,i,Newcastle United,MID,Midfielder,5,3,232,18,2,0,1,2,2.95
455,Tonali,Sandro Tonali,5.3,1.9,a,Tottenham Hotspur,MID,Midfielder,5,5,427,14,0,0,2,0,2.64
456,J.Ramsey,Jacob Ramsey,4.9,0.3,i,Newcastle United,MID,Midfielder,5,3,69,7,1,0,0,0,1.43
457,J.Murphy,Jacob Murphy,5.9,0.1,a,Newcastle United,MID,Midfielder,5,5,181,3,0,0,0,0,0.51
458,Joelinton,Joelinton Cássio Apolinário de Lira,5.4,0.0,i,Newcastle United,MID,Midfielder,5,0,0,0,0,0,0,0,0.0
459,L.Miley,Lewis Miley,5.5,0.1,a,Newcastle United,MID,Midfielder,5,5,396,12,0,0,1,0,2.18
460,Willock,Joe Willock,5.0,0.5,a,Newcastle United,MID,Midfielder,5,5,284,22,2,0,1,3,4.4
461,Touré,Bazoumana Touré,5.8,0.1,a,Newcastle United,MID,Midfielder,5,3,50,8,1,0,0,0,1.38
462,Steur,Sean Steur,4.9,0.1,a,Newcastle United,MID,Midfielder,5,5,223,8,0,0,1,0,1.63
463,Woltemade,Nick Woltemade,5.9,0.5,u,Newcastle United,FWD,Forward,5,1,19,4,0,1,0,0,0.68
464,Wissa,Yoane Wissa,6.2,18.8,a,Newcastle United,FWD,Forward,5,5,441,15,1,1,1,2,2.42
465,Osula,William Osula,5.8,0.3,i,Newcastle United,FWD,Forward,5,1,55,4,0,1,0,0,0.69
466,Neave,Sean Neave,4.5,0.5,u,Newcastle United,FWD,Forward,5,0,0,0,0,0,0,0,0.0
467,Sels,Matz Sels,5.0,1.6,a,Nottingham Forest,GKP,Goalkeeper,5,5,450,14,0,0,1,0,2.8
468,John,John Victor Maciel Furtado,4.5,0.1,a,Nottingham Forest,GKP,Goalkeeper,5,0,0,0,0,0,0,0,0.0
469,N.Williams,Neco Williams,5.0,8.9,a,Nottingham Forest,DEF,Defender,5,5,450,19,0,1,1,1,3.8
470,Morato,Felipe Rodrigues da Silva,5.0,0.0,u,Nottingham Forest,DEF,Defender,5,0,0,0,0,0,0,0,0.0
471,Milenković,Nikola Milenković,5.4,1.0,i,Nottingham Forest,DEF,Defender,5,3,270,12,0,0,1,0,2.22
472,Murillo,Murillo Costa dos Santos,5.5,2.1,a,Nottingham Forest,DEF,Defender,5,5,449,23,0,1,1,0,4.18
473,Aina,Ola Aina,4.5,2.4,a,Nottingham Forest,DEF,Defender,5,4,306,8,0,0,1,0,1.78
474,Jair Cunha,Jair Paula da Cunha Filho,4.5,0.2,a,Nottingham Forest,DEF,Defender,5,4,360,11,0,0,1,0,2.44
475,Savona,Nicolò Savona,4.5,0.0,i,Nottingham Forest,DEF,Defender,5,0,0,0,0,0,0,0,0.0
476,O.Richards,Omar Richards,4.0,0.2,a,Nottingham Forest,DEF,Defender,5,0,0,0,0,0,0,0,0.0
477,Abbott,Zach Abbott,4.0,0.1,u,Nottingham Forest,DEF,Defender,5,0,0,0,0,0,0,0,0.0
478,Netz,Luca Netz,4.4,0.0,a,Nottingham Forest,DEF,Defender,5,3,27,3,0,0,0,0,0.68
479,Bindon,Tyler Bindon,4.0,0.1,u,Nottingham Forest,DEF,Defender,5,0,0,0,0,0,0,0,0.0
480,Gibbs-White,Morgan Gibbs-White,8.0,15.7,a,Nottingham Forest,MID,Midfielder,5,5,450,28,1,2,1,6,3.5
481,Anderson,Elliot Anderson,6.3,4.0,a,Manchester City,MID,Midfielder,5,5,413,15,0,0,2,0,2.38
482,Hudson-Odoi,Callum Hudson-Odoi,5.8,0.1,a,Nottingham Forest,MID,Midfielder,5,1,1,1,0,0,0,0,0.17
483,Ndoye,Dan Ndoye,5.5,0.7,a,Nottingham Forest,MID,Midfielder,5,5,316,15,1,0,1,2,2.73
484,Hutchinson,Omari Hutchinson,5.4,0.1,u,Nottingham Forest,MID,Midfielder,5,0,0,0,0,0,0,0,0.0
485,Bakwa,Dilane Bakwa,5.5,0.0,u,Nottingham Forest,MID,Midfielder,5,0,0,0,0,0,0,0,0.0
486,McAtee,James McAtee,5.5,0.1,a,Nottingham Forest,MID,Midfielder,5,5,416,12,0,0,2,0,2.18
487,Dominguez,Nicolás Domínguez,4.9,0.1,a,Nottingham Forest,MID,Midfielder,5,1,1,1,0,0,0,0,0.2
488,I.Sangaré,Ibrahim Sangaré,4.9,0.4,a,Nottingham Forest,MID,Midfielder,5,3,105,4,0,0,0,0,0.82
489,Yates,Ryan Yates,4.5,1.2,a,Nottingham Forest,MID,Midfielder,5,0,0,0,0,0,0,0,0.0
490,Wood,Chris Wood,5.8,0.9,a,Nottingham Forest,FWD,Forward,5,4,62,4,0,0,0,0,0.69
491,Igor Jesus,Igor Jesus Maciel da Cruz,5.8,2.7,a,Nottingham Forest,FWD,Forward,5,5,257,12,1,0,0,2,2.07
492,Awoniyi,Taiwo Awoniyi,5.4,0.4,s,Coventry City,FWD,Forward,5,4,232,3,0,0,0,0,0.56
493,Kalimuendo,Arnaud Kalimuendo,5.4,0.1,a,Nottingham Forest,FWD,Forward,5,1,1,1,0,0,0,0,0.19
494,Vicario,Guglielmo Vicario,4.5,0.1,u,Tottenham Hotspur,GKP,Goalkeeper,5,0,0,0,0,0,0,0,0.0
495,Austin,Brandon Austin,4.0,1.0,a,Tottenham Hotspur,GKP,Goalkeeper,5,0,0,0,0,0,0,0,0.0
496,Kinsky,Antonín Kinský,4.5,17.6,a,Tottenham Hotspur,GKP,Goalkeeper,5,5,450,18,0,0,2,0,4.0
497,Dubravka,Martin Dubravka,4.0,17.3,a,Tottenham Hotspur,GKP,Goalkeeper,5,0,0,0,0,0,0,0,0.0
498,Senesi,Marcos Senesi Barón,5.8,3.6,a,Tottenham Hotspur,DEF,Defender,5,1,90,3,0,0,0,0,0.52
499,Pedro Porro,Pedro Porro Sauceda,5.4,7.9,d,Tottenham Hotspur,DEF,Defender,5,3,198,9,0,0,1,1,1.67
500,Romero,Cristian Romero,5.0,0.1,u,Tottenham Hotspur,DEF,Defender,5,0,0,0,0,0,0,0,0.0
501,Danso,Kevin Danso,5.0,0.2,a,Sunderland,DEF,Defender,5,3,270,3,0,0,0,0,0.6
502,Robertson,Andrew Robertson,4.4,2.6,a,Tottenham Hotspur,DEF,Defender,5,5,366,17,0,1,1,1,3.86
503,Van de Ven,Micky van de Ven,5.0,3.9,a,Tottenham Hotspur,DEF,Defender,5,4,360,16,0,0,2,3,3.2
504,Vuskovic,Luka Vušković,5.0,3.5,a,Brighton & Hove Albion,DEF,Defender,5,5,437,32,1,0,3,2,6.4
505,Spence,Djed Spence,4.5,0.2,u,Tottenham Hotspur,DEF,Defender,5,0,0,0,0,0,0,0,0.0
506,Udogie,Destiny Udogie,4.4,0.3,a,Tottenham Hotspur,DEF,Defender,5,3,86,7,0,0,1,0,1.59
507,Phillips,Ashley Phillips,4.5,0.0,u,Tottenham Hotspur,DEF,Defender,5,0,0,0,0,0,0,0,0.0
508,Davies,Ben Davies,3.9,0.9,a,Tottenham Hotspur,DEF,Defender,5,0,0,0,0,0,0,0,0.0
509,Byfield,Jun'ai Byfield,4.0,0.1,a,Tottenham Hotspur,DEF,Defender,5,0,0,0,0,0,0,0,0.0
510,Rowswell,James Rowswell,4.0,0.1,a,Tottenham Hotspur,DEF,Defender,5,0,0,0,0,0,0,0,0.0
511,Souza,João Victor de Souza Menezes,4.0,0.2,u,Tottenham Hotspur,DEF,Defender,5,0,0,0,0,0,0,0,0.0
512,Kudus,Mohammed Kudus,6.5,0.1,a,Tottenham Hotspur,MID,Midfielder,5,4,123,7,0,1,0,0,1.08
513,Xavi,Xavi Simons,5.9,0.0,i,Tottenham Hotspur,MID,Midfielder,5,0,0,0,0,0,0,0,0.0
514,Tel,Mathys Tel,5.7,0.2,a,Tottenham Hotspur,MID,Midfielder,5,4,257,8,0,0,1,0,1.4
515,Maddison,James Maddison,6.3,0.4,a,Tottenham Hotspur,MID,Midfielder,5,3,59,3,0,0,0,0,0.48
516,Bentancur,Rodrigo Bentancur,5.5,0.2,a,Tottenham Hotspur,MID,Midfielder,5,5,370,15,0,0,2,0,2.73
517,Odobert,Wilson Odobert,5.5,0.0,i,Tottenham Hotspur,MID,Midfielder,5,0,0,0,0,0,0,0,0.0
518,P.M.Sarr,Pape Matar Sarr,4.9,0.1,u,Tottenham Hotspur,MID,Midfielder,5,0,0,0,0,0,0,0,0.0
519,Gallagher,Conor Gallagher,5.3,0.2,a,Tottenham Hotspur,MID,Midfielder,5,3,134,9,1,0,1,0,1.7
520,Bergvall,Lucas Bergvall,5.4,0.1,a,Tottenham Hotspur,MID,Midfielder,5,3,78,3,0,0,0,0,0.56
521,Kulusevski,Dejan Kulusevski,6.5,0.0,i,Tottenham Hotspur,MID,Midfielder,5,0,0,0,0,0,0,0,0.0
522,Gray,Archie Gray,4.9,0.2,a,Tottenham Hotspur,MID,Midfielder,5,4,307,9,0,0,1,0,1.84
523,Moore,Mikey Moore,5.0,0.1,u,Tottenham Hotspur,MID,Midfielder,5,2,89,3,0,0,0,0,0.6
524,Olusesi,Callum Olusesi,4.4,1.0,a,Tottenham Hotspur,MID,Midfielder,5,0,0,0,0,0,0,0,0.0
525,Fernandes,Mateus Fernandes,5.7,0.8,a,Tottenham Hotspur,MID,Midfielder,5,5,249,7,0,0,1,0,1.23
526,Solanke,Dominic Solanke-Mitchell,5.8,0.8,a,Tottenham Hotspur,FWD,Forward,5,5,170,7,0,0,1,0,1.21
527,Richarlison,Richarlison de Andrade,5.9,0.7,u,Tottenham Hotspur,FWD,Forward,5,1,67,2,0,0,0,0,0.34
528,Scarlett,Dane Scarlett,4.5,1.1,u,Tottenham Hotspur,FWD,Forward,5,0,0,0,0,0,0,0,0.0
529,Roefs,Robin Roefs,4.9,2.5,a,Sunderland,GKP,Goalkeeper,5,5,450,11,0,0,1,0,2.24
530,Patterson,Anthony Patterson,4.0,0.1,u,Sunderland,GKP,Goalkeeper,5,0,0,0,0,0,0,0,0.0
531,Ellborg,Melker Ellborg,4.5,0.1,a,Sunderland,GKP,Goalkeeper,5,0,0,0,0,0,0,0,0.0
532,Ballard,Daniel Ballard,4.9,2.6,a,Sunderland,DEF,Defender,5,5,450,14,0,0,1,0,2.86
533,Mukiele,Nordi Mukiele,5.4,1.9,a,Sunderland,DEF,Defender,5,4,360,13,0,0,1,1,2.41
534,Hume,Trai Hume,4.3,2.9,a,Sunderland,DEF,Defender,5,4,206,10,0,0,1,0,2.33
535,Alderete,Omar Alderete,4.8,0.2,a,Sunderland,DEF,Defender,5,1,23,1,0,0,0,0,0.21
536,Reinildo,Reinildo Mandava,4.4,0.3,a,Sunderland,DEF,Defender,5,4,360,7,0,0,1,0,1.59
537,Seelt,Jenson Seelt,4.5,0.0,u,Sunderland,DEF,Defender,5,0,0,0,0,0,0,0,0.0
538,Hjelde,Leo Fuhr Hjelde,4.0,0.0,u,Sunderland,DEF,Defender,5,0,0,0,0,0,0,0,0.0
539,O'Nien,Luke O'Nien,3.9,2.5,a,Sunderland,DEF,Defender,5,1,66,1,0,0,0,0,0.26
540,Masuaku,Arthur Masuaku,4.0,0.1,u,Sunderland,DEF,Defender,5,0,0,0,0,0,0,0,0.0
541,Meunier,Thomas Meunier,4.5,0.3,a,Sunderland,DEF,Defender,5,5,396,14,0,1,1,0,3.11
542,E.Le Fée,Enzo Le Fée,5.7,3.4,a,Sunderland,MID,Midfielder,5,5,438,18,1,1,1,1,3.16
543,Diarra,Habib Diarra,5.4,0.0,i,Sunderland,MID,Midfielder,5,2,28,5,0,1,0,0,0.93
544,Xhaka,Granit Xhaka,5.5,3.7,a,Sunderland,MID,Midfielder,5,5,450,21,0,1,1,5,3.82
545,Sadiki,Noah Sadiki,4.9,0.2,a,Sunderland,MID,Midfielder,5,5,410,10,0,0,1,0,2.04
546,Adingra,Simon Adingra,4.9,0.0,u,Sunderland,MID,Midfielder,5,0,0,0,0,0,0,0,0.0
547,Mundle,Romaine Mundle,4.9,0.0,i,Sunderland,MID,Midfielder,5,1,1,1,0,0,0,0,0.2
548,Rigg,Chris Rigg,4.9,0.0,a,Sunderland,MID,Midfielder,5,2,17,2,0,0,0,0,0.41
549,Talbi,Chemsdine Talbi,5.3,0.1,a,Sunderland,MID,Midfielder,5,1,31,1,0,0,0,0,0.19
550,Jocelin.T,Djiamgone Jocelin Ta Bi,5.0,0.0,a,Sunderland,MID,Midfielder,5,0,0,0,0,0,0,0,0.0
551,N.Angulo,Nilson Angulo,5.0,0.1,a,Sunderland,MID,Midfielder,5,5,313,16,1,1,1,0,3.2
552,Brobbey,Brian Brobbey,5.7,6.6,a,Sunderland,FWD,Forward,5,5,399,24,3,0,1,3,4.21
553,Isidor,Wilson Isidor,5.5,1.3,a,Sunderland,FWD,Forward,5,5,117,15,1,1,0,3,2.73
554,Van Oevelen,Kayne van Oevelen,4.5,0.0,u,Ipswich Town,GKP,Goalkeeper,5,0,0,0,0,0,0,0,0.0
555,Matthews,Remi Matthews,4.0,1.7,a,Crystal Palace,GKP,Goalkeeper,5,0,0,0,0,0,0,0,0.0
556,Targett,Matt Targett,4.0,1.7,d,Hull City,DEF,Defender,5,1,5,1,0,0,0,0,0.25
557,Tzolis,Christos Tzolis,6.3,12.5,a,Arsenal,MID,Midfielder,5,5,362,16,0,2,2,1,2.54
558,Schlager,Xaver Schlager,5.0,0.1,a,Nottingham Forest,MID,Midfielder,5,5,376,13,0,0,1,0,2.6
559,Bamba,Aladji Bamba,4.9,0.1,a,Newcastle United,MID,Midfielder,5,3,27,3,0,0,0,0,0.61
560,Penders,Mike Penders,4.4,0.1,a,Chelsea,GKP,Goalkeeper,5,0,0,0,0,0,0,0,0.0
561,Anselmino,Aaron Anselmino,4.5,0.0,a,Chelsea,DEF,Defender,5,0,0,0,0,0,0,0,0.0
562,Maeda,Daizen Maeda,5.3,0.2,a,Ipswich Town,MID,Midfielder,5,5,259,8,0,0,0,0,1.51
563,Morita,Hidemasa Morita,5.0,0.0,i,Hull City,MID,Midfielder,5,1,45,1,0,0,0,0,0.2
564,Scherpen,Kjell Scherpen,4.5,0.6,a,Ipswich Town,GKP,Goalkeeper,5,4,360,7,0,0,0,0,1.56
565,M.Sangaré,Mamadou Sangaré,5.6,10.2,a,Brentford,MID,Midfielder,5,5,321,22,0,2,1,3,3.93
566,Silva,António João Pereira de Albuquerque Tavares da Silva,5.0,0.4,a,AFC Bournemouth,DEF,Defender,5,5,450,13,0,0,0,0,2.6
567,Horníček,Lukás Hornícek,5.0,1.5,a,Newcastle United,GKP,Goalkeeper,5,5,450,14,0,0,1,0,2.8
568,Barco,Valentín Barco,5.4,0.1,a,Chelsea,MID,Midfielder,5,3,115,3,0,0,0,0,0.56
569,Gonzalo,Gonzalo García,6.0,3.8,a,Fulham,FWD,Forward,5,5,425,14,1,0,2,0,2.33
570,Palacios,César Palacios,5.4,0.2,a,Fulham,MID,Midfielder,5,4,226,12,1,0,0,1,2.22
571,Florentino,Florentino Ibrain Morris Luís,4.8,0.1,a,Ipswich Town,MID,Midfielder,5,2,30,2,0,0,0,0,0.42
572,Tzolakis,Konstantinos Tzolakis,4.6,12.2,a,Hull City,GKP,Goalkeeper,5,5,450,34,0,0,3,6,7.39
573,Sanchez,Juanlu Sánchez,4.4,0.2,a,AFC Bournemouth,DEF,Defender,5,0,0,0,0,0,0,0,0.0
574,Hjertø-Dahl,Jens Hjertø-Dahl,4.9,0.1,a,Hull City,MID,Midfielder,5,1,8,1,0,0,0,0,0.2
575,Yirenkyi,Caleb Yirenkyi,4.8,0.1,a,Coventry City,MID,Midfielder,5,5,265,9,0,0,2,0,1.88
576,Stroud,Elliot Stroud,5.0,0.1,a,Hull City,MID,Midfielder,5,4,249,7,0,0,2,0,1.4
577,Tomiyasu,Takehiro Tomiyasu,4.4,0.3,d,Crystal Palace,DEF,Defender,5,4,189,3,0,0,0,0,0.68
578,Mudryk,Mykhailo Mudryk,5.3,0.0,i,Tottenham Hotspur,MID,Midfielder,5,1,16,1,0,0,0,0,0.19
579,Araujo,Ronald Araujo,5.4,3.0,a,Liverpool,DEF,Defender,5,5,284,22,0,0,3,1,4.07
580,Charles,Shea Charles,5.0,0.1,a,Fulham,MID,Midfielder,5,5,303,13,0,0,1,0,2.6
581,Diomande,Ousmane Diomande,5.4,0.5,a,Nottingham Forest,DEF,Defender,5,3,163,7,0,0,0,0,1.3
582,Madjo,Brian Madjo,5.4,0.2,i,Aston Villa,FWD,Forward,5,0,0,0,0,0,0,0,0.0
583,Chavarria,Pep Chavarría,4.9,0.1,a,Chelsea,DEF,Defender,5,5,208,5,0,0,0,0,1.02
584,Hamer,Gustavo Hamer,5.4,0.1,a,Coventry City,MID,Midfielder,5,3,32,3,0,0,0,0,0.56
585,Herrington,Lucas Herrington,4.0,0.6,a,Hull City,DEF,Defender,5,5,197,5,0,0,0,0,1.25
586,Mendy,Nobel Mendy,4.1,6.3,a,Hull City,DEF,Defender,5,4,249,25,1,0,2,1,6.1
587,Rulli,Gerónimo Rulli,5.0,0.0,a,Manchester City,GKP,Goalkeeper,5,0,0,0,0,0,0,0,0.0
588,Khalaili,Anan Khalaili,5.0,0.3,a,Crystal Palace,DEF,Defender,5,5,379,19,1,0,1,0,3.8
589,Gourna-Douath,Lucas Gourna-Douath,5.0,0.0,a,Hull City,MID,Midfielder,5,3,138,4,0,0,1,0,0.8
590,Benda,Steven Benda,4.5,0.1,a,Nottingham Forest,GKP,Goalkeeper,5,0,0,0,0,0,0,0,0.0
591,Enciso,Julio Enciso,5.5,0.8,a,Ipswich Town,MID,Midfielder,5,5,413,15,0,2,0,0,2.73
592,Ouattara,Abdoul Ouattara,4.0,0.9,a,Ipswich Town,DEF,Defender,5,5,131,6,0,0,0,0,1.5
593,Dedić,Amar Dedic,4.5,1.9,i,Newcastle United,DEF,Defender,5,4,327,13,0,1,1,2,2.89
594,David,Promise David,5.9,0.2,a,Brighton & Hove Albion,FWD,Forward,5,2,23,1,0,0,0,0,0.17
595,Gozo,Zavier Gozo,5.0,0.0,a,Crystal Palace,MID,Midfielder,5,2,28,2,0,0,0,0,0.4
596,Ruggeri,Matteo Ruggeri,4.5,0.1,a,Aston Villa,DEF,Defender,5,3,113,5,0,0,0,0,1.11
597,Suzuki,Zion Suzuki,5.0,1.9,a,Aston Villa,GKP,Goalkeeper,5,4,360,16,0,0,1,3,3.2
598,Elvedi,Nico Elvedi,4.5,0.1,a,Leeds United,DEF,Defender,5,4,326,13,0,0,1,0,2.89
599,Cherif,Sidiki Cherif,5.0,0.1,a,Coventry City,FWD,Forward,5,1,30,1,0,0,0,0,0.2
600,Osman,Ibrahim Osman,5.0,0.0,a,Brighton & Hove Albion,MID,Midfielder,5,3,40,3,0,0,0,0,0.6
601,Williams-Barnett,Luca Williams-Barnett,4.5,0.1,a,Tottenham Hotspur,MID,Midfielder,5,0,0,0,0,0,0,0,0.0
602,Humphreys,Cameron Humphreys,4.5,0.0,u,Ipswich Town,MID,Midfielder,5,0,0,0,0,0,0,0,0.0
603,Lienou,Jayden Lienou,4.0,0.1,a,Leeds United,DEF,Defender,5,0,0,0,0,0,0,0,0.0
604,Cresswell,Alfie Cresswell,4.5,0.1,a,Leeds United,MID,Midfielder,5,0,0,0,0,0,0,0,0.0
605,Yalcouyé,Malick Yalcouyé,4.5,4.0,a,Brighton & Hove Albion,MID,Midfielder,5,5,236,20,2,0,1,1,4.44
606,Rowe,Triston Rowe,4.0,0.2,a,Aston Villa,DEF,Defender,5,0,0,0,0,0,0,0,0.0
607,Lynch,Luka Lynch,4.5,0.1,u,Aston Villa,MID,Midfielder,5,0,0,0,0,0,0,0,0.0
608,Jebbison,Daniel Jebbison,5.0,0.1,a,AFC Bournemouth,FWD,Forward,5,3,31,3,0,0,0,0,0.6
609,Shahar,Leo Shahar,4.0,0.2,u,Newcastle United,DEF,Defender,5,0,0,0,0,0,0,0,0.0
610,De Fougerolles,Luc De Fougerolles,4.0,0.1,u,Fulham,DEF,Defender,5,0,0,0,0,0,0,0,0.0
611,Wan-Bissaka,Aaron Wan-Bissaka,4.5,0.2,a,Aston Villa,DEF,Defender,4,4,152,6,0,0,0,0,1.33
612,Methalie,Dayann Méthalie,4.5,0.0,a,Sunderland,DEF,Defender,4,1,90,-1,0,0,0,0,-0.22
613,Ahoka,Jules Ahoka,4.5,0.2,a,Sunderland,MID,Midfielder,4,0,0,0,0,0,0,0,0.0
614,Hadjam,Jaouen Hadjam,4.5,0.0,a,Brighton & Hove Albion,DEF,Defender,4,0,0,0,0,0,0,0,0.0
615,Di Gregorio,Michele Di Gregorio,4.5,0.0,a,AFC Bournemouth,GKP,Goalkeeper,4,0,0,0,0,0,0,0,0.0
616,Bouaddi,Ayyoub Bouaddi,5.5,0.2,a,Manchester City,MID,Midfielder,4,2,22,2,0,0,0,0,0.36
617,Cho,Mohamed-Ali Cho,5.0,0.0,a,Hull City,MID,Midfielder,4,4,72,9,1,0,0,0,1.8
618,Goretzka,Leon Goretzka,5.9,0.0,i,Aston Villa,MID,Midfielder,4,0,0,0,0,0,0,0,0.0
619,Palacios,Exequiel Palacios,5.0,0.1,a,Ipswich Town,MID,Midfielder,4,4,275,11,0,0,0,0,2.2
620,Diouf,El Hadji Malick Diouf,4.5,0.1,a,Brentford,DEF,Defender,4,2,39,2,0,0,0,0,0.44
621,McAidoo,Ryan McAidoo,4.5,0.1,a,Manchester City,MID,Midfielder,4,2,11,2,0,0,0,0,0.44
622,Braithwaite,Kaden Braithwaite,4.0,0.2,a,Manchester City,DEF,Defender,4,1,1,1,0,0,0,0,0.25
623,Bentley,Dan Bentley,4.0,0.6,a,Coventry City,GKP,Goalkeeper,4,0,0,0,0,0,0,0,0.0
624,Cozier-Duberry,Amario Cozier-Duberry,5.0,0.0,u,Brighton & Hove Albion,MID,Midfielder,4,0,0,0,0,0,0,0,0.0
625,Cairns,Alex Cairns,4.0,0.2,a,Leeds United,GKP,Goalkeeper,4,0,0,0,0,0,0,0,0.0
626,Zepa,Macaulay Zepa,4.5,0.3,a,Fulham,MID,Midfielder,4,0,0,0,0,0,0,0,0.0
627,Barcola,Bradley Barcola,8.0,1.8,a,Liverpool,MID,Midfielder,3,3,168,7,0,0,2,0,0.88
628,Allan,Allan Andrade Elias,6.0,0.0,a,Manchester City,MID,Midfielder,3,0,0,0,0,0,0,0,0.0
629,Zetterer,Michael Zetterer,4.0,0.7,a,Leeds United,GKP,Goalkeeper,3,0,0,0,0,0,0,0,0.0
630,Harwood-Bellis,Taylor Harwood-Bellis,4.5,0.0,a,Aston Villa,DEF,Defender,3,0,0,0,0,0,0,0,0.0
631,Mbaye,Ibrahim Mbaye,6.0,0.1,a,Aston Villa,MID,Midfielder,3,2,33,2,0,0,0,0,0.33
632,Ansah,Ilyas Ansah,5.0,0.0,i,Hull City,FWD,Forward,3,0,0,0,0,0,0,0,0.0
633,Ahanor,Honest Ahanor,4.5,0.0,a,Crystal Palace,DEF,Defender,3,1,90,3,0,0,0,0,0.67
634,Fernandez-Pardo,Matias Fernandez-Pardo,6.0,0.1,a,Newcastle United,FWD,Forward,3,3,157,4,0,0,0,0,0.67
635,Larsson,Hugo Larsson,5.0,0.0,a,Fulham,MID,Midfielder,3,3,37,3,0,0,0,0,0.6
636,Ángel,Manuel Ángel Morán Ibáñez,5.0,0.0,a,Fulham,MID,Midfielder,3,0,0,0,0,0,0,0,0.0
637,Vaz,Robinio Vaz,5.0,0.1,a,Hull City,FWD,Forward,3,2,20,2,0,0,0,0,0.4
638,Norton-Cuffy,Brooke Norton-Cuffy,4.0,0.3,d,Hull City,DEF,Defender,3,2,34,1,0,0,0,0,0.25
639,Andrés,José María Andrés Baixauli,5.5,0.0,a,Brighton & Hove Albion,MID,Midfielder,3,2,109,12,1,1,1,0,2.18
640,Flemming,Zian Flemming,5.5,0.1,a,Ipswich Town,FWD,Forward,3,3,60,6,1,0,0,0,1.09
641,Bard,Melvin Bard,4.5,0.0,a,Leeds United,DEF,Defender,3,1,18,1,0,0,0,0,0.22
642,Thomas,Sorba Thomas,5.5,0.0,a,Hull City,MID,Midfielder,3,3,119,4,0,0,0,0,0.73
643,Chilwell,Ben Chilwell,4.5,0.5,a,Crystal Palace,DEF,Defender,3,2,29,8,1,0,0,0,1.78
644,Timber,Quinten Timber,5.0,0.0,a,Crystal Palace,MID,Midfielder,3,3,253,9,0,0,1,0,1.8
645,Mouzakitis,Christos Mouzakitis,5.0,0.0,a,Hull City,MID,Midfielder,3,0,0,0,0,0,0,0,0.0
646,Fofana,Malick Fofana,5.5,0.0,a,Sunderland,MID,Midfielder,3,3,60,3,0,0,0,0,0.55
647,Osorio,Darío Osorio,5.5,0.0,a,Crystal Palace,MID,Midfielder,3,1,1,1,0,0,0,0,0.18
648,Bahoya,Jean-Mattéo Bahoya,5.0,0.0,a,Leeds United,MID,Midfielder,3,1,1,1,0,0,0,0,0.2
649,Maitland-Niles,Ainsley Maitland-Niles,4.5,1.2,a,Everton,DEF,Defender,3,3,177,21,1,0,2,2,4.67
650,Affengruber,David Affengruber,4.5,0.0,a,Fulham,DEF,Defender,3,2,180,12,0,0,1,0,2.67
651,J.Angulo,Juan Angulo,4.5,0.7,a,Sunderland,FWD,Forward,3,0,0,0,0,0,0,0,0.0
652,Azeez,Femi Azeez,5.5,0.0,i,Brighton & Hove Albion,MID,Midfielder,3,0,0,0,0,0,0,0,0.0
653,Samba,Floyd Samba,4.5,0.0,a,Manchester City,MID,Midfielder,3,0,0,0,0,0,0,0,0.0
654,Graham,Braiden Graham,4.5,0.1,a,Everton,MID,Midfielder,3,0,0,0,0,0,0,0,0.0
655,Gboho,Yann Gboho,5.5,0.0,a,Coventry City,MID,Midfielder,2,0,0,0,0,0,0,0,0.0
656,Mfuni,Stephen Mfuni,4.0,0.1,a,Coventry City,DEF,Defender,2,1,90,6,0,0,1,0,1.5
657,Nunes,Gustavo Nunes Fernandes Gomes,4.5,0.0,a,Brentford,MID,Midfielder,2,0,0,0,0,0,0,0,0.0
658,Ibrahim,Younes Ibrahim,4.5,0.0,a,Brighton & Hove Albion,MID,Midfielder,2,0,0,0,0,0,0,0,0.0
659,Miley,Mason Miley,4.5,0.0,a,Newcastle United,MID,Midfielder,2,0,0,0,0,0,0,0,0.0
660,Fredrick,Benjamin Fredrick,4.0,0.0,a,Brentford,DEF,Defender,1,0,0,0,0,0,0,0,0.0
661,Balcombe,Ellery Balcombe,4.0,0.0,a,Brentford,GKP,Goalkeeper,1,0,0,0,0,0,0,0,0.0
662,Nicoll-Jazuli,Mahdi Nicoll-Jazuli,4.5,0.0,a,Chelsea,MID,Midfielder,1,1,3,1,0,0,0,0,0.22
663,Pivas,Miodrag Pivas,4.0,0.0,a,Newcastle United,DEF,Defender,1,0,0,0,0,0,0,0,0.0
664,Salia,Vakhtang Salia,4.5,0.1,a,Newcastle United,FWD,Forward,1,0,0,0,0,0,0,0,0.0
665,Mills,Michael Mills,4.5,0.0,a,Newcastle United,MID,Midfielder,1,0,0,0,0,0,0,0,0.0
666,Thompson,Kyran Thompson,4.5,0.0,a,Newcastle United,MID,Midfielder,1,0,0,0,0,0,0,0,0.0
667,Wright,James Wright,4.0,0.1,a,Aston Villa,GKP,Goalkeeper,1,0,0,0,0,0,0,0,0.0
